--
-- PostgreSQL database dump
--

-- Dumped from database version 9.5.2
-- Dumped by pg_dump version 9.5.2

SET statement_timeout = 0;
SET lock_timeout = 0;
SET client_encoding = 'UTF8';
SET standard_conforming_strings = on;
SET check_function_bodies = false;
SET client_min_messages = warning;
SET row_security = off;

SET search_path = public, pg_catalog;

ALTER TABLE ONLY public.orders DROP CONSTRAINT orders_customer_id_fkey;
DROP TRIGGER update_modtime ON public.stores;
DROP TRIGGER update_modtime ON public.order_lines;
DROP TRIGGER update_modtime ON public.orders;
DROP TRIGGER update_modtime ON public.customers;
DROP TRIGGER update_modtime ON public.products;
DROP TRIGGER update_modtime ON public.catalogs;
DROP INDEX public.orders_customer_id_key;
ALTER TABLE ONLY public.stores DROP CONSTRAINT stores_pkey;
ALTER TABLE ONLY public.schema_migrations DROP CONSTRAINT schema_migrations_pkey;
ALTER TABLE ONLY public.products DROP CONSTRAINT products_pkey;
ALTER TABLE ONLY public.orders DROP CONSTRAINT orders_pkey;
ALTER TABLE ONLY public.order_lines DROP CONSTRAINT order_lines_pkey;
ALTER TABLE ONLY public.customers DROP CONSTRAINT customers_pkey;
ALTER TABLE ONLY public.catalogs DROP CONSTRAINT catalogs_pkey;
ALTER TABLE public.stores ALTER COLUMN id DROP DEFAULT;
ALTER TABLE public.products ALTER COLUMN id DROP DEFAULT;
ALTER TABLE public.orders ALTER COLUMN id DROP DEFAULT;
ALTER TABLE public.order_lines ALTER COLUMN id DROP DEFAULT;
ALTER TABLE public.customers ALTER COLUMN id DROP DEFAULT;
ALTER TABLE public.catalogs ALTER COLUMN id DROP DEFAULT;
DROP SEQUENCE public.stores_id_seq;
DROP TABLE public.stores;
DROP TABLE public.schema_migrations;
DROP SEQUENCE public.products_id_seq;
DROP TABLE public.products;
DROP SEQUENCE public.orders_id_seq;
DROP TABLE public.orders;
DROP SEQUENCE public.order_lines_id_seq;
DROP TABLE public.order_lines;
DROP SEQUENCE public.customers_id_seq;
DROP TABLE public.customers;
DROP SEQUENCE public.catalogs_id_seq;
DROP TABLE public.catalogs;
DROP FUNCTION public.update_last_modified_at();
DROP EXTENSION plpgsql;
DROP SCHEMA public;
--
-- Name: public; Type: SCHEMA; Schema: -; Owner: saucony_admin
--

CREATE SCHEMA public;


ALTER SCHEMA public OWNER TO saucony_admin;

--
-- Name: SCHEMA public; Type: COMMENT; Schema: -; Owner: saucony_admin
--

COMMENT ON SCHEMA public IS 'standard public schema';


--
-- Name: plpgsql; Type: EXTENSION; Schema: -; Owner: 
--

CREATE EXTENSION IF NOT EXISTS plpgsql WITH SCHEMA pg_catalog;


--
-- Name: EXTENSION plpgsql; Type: COMMENT; Schema: -; Owner: 
--

COMMENT ON EXTENSION plpgsql IS 'PL/pgSQL procedural language';


SET search_path = public, pg_catalog;

--
-- Name: update_last_modified_at(); Type: FUNCTION; Schema: public; Owner: saucony_admin
--

CREATE FUNCTION update_last_modified_at() RETURNS trigger
    LANGUAGE plpgsql
    AS $$
BEGIN
    NEW.last_modified_at = now();
    RETURN NEW;
END;
$$;


ALTER FUNCTION public.update_last_modified_at() OWNER TO saucony_admin;

SET default_tablespace = '';

SET default_with_oids = false;

--
-- Name: catalogs; Type: TABLE; Schema: public; Owner: saucony_admin
--

CREATE TABLE catalogs (
    id integer NOT NULL,
    item_no text,
    barcode text,
    price numeric,
    model text,
    color text,
    size text,
    gender text,
    percent_discount numeric,
    quantity integer,
    created_at timestamp with time zone DEFAULT now(),
    last_modified_at timestamp with time zone DEFAULT now()
);


ALTER TABLE catalogs OWNER TO saucony_admin;

--
-- Name: catalogs_id_seq; Type: SEQUENCE; Schema: public; Owner: saucony_admin
--

CREATE SEQUENCE catalogs_id_seq
    START WITH 1
    INCREMENT BY 1
    NO MINVALUE
    NO MAXVALUE
    CACHE 1;


ALTER TABLE catalogs_id_seq OWNER TO saucony_admin;

--
-- Name: catalogs_id_seq; Type: SEQUENCE OWNED BY; Schema: public; Owner: saucony_admin
--

ALTER SEQUENCE catalogs_id_seq OWNED BY catalogs.id;


--
-- Name: customers; Type: TABLE; Schema: public; Owner: saucony_admin
--

CREATE TABLE customers (
    id integer NOT NULL,
    firstname text,
    lastname text,
    email text,
    phone text,
    address text,
    created_at timestamp with time zone DEFAULT now(),
    last_modified_at timestamp with time zone DEFAULT now()
);


ALTER TABLE customers OWNER TO saucony_admin;

--
-- Name: customers_id_seq; Type: SEQUENCE; Schema: public; Owner: saucony_admin
--

CREATE SEQUENCE customers_id_seq
    START WITH 1
    INCREMENT BY 1
    NO MINVALUE
    NO MAXVALUE
    CACHE 1;


ALTER TABLE customers_id_seq OWNER TO saucony_admin;

--
-- Name: customers_id_seq; Type: SEQUENCE OWNED BY; Schema: public; Owner: saucony_admin
--

ALTER SEQUENCE customers_id_seq OWNED BY customers.id;


--
-- Name: order_lines; Type: TABLE; Schema: public; Owner: saucony_admin
--

CREATE TABLE order_lines (
    id integer NOT NULL,
    order_id integer,
    product_id integer,
    size text,
    quantity integer,
    created_at timestamp with time zone DEFAULT now(),
    last_modified_at timestamp with time zone DEFAULT now()
);


ALTER TABLE order_lines OWNER TO saucony_admin;

--
-- Name: order_lines_id_seq; Type: SEQUENCE; Schema: public; Owner: saucony_admin
--

CREATE SEQUENCE order_lines_id_seq
    START WITH 1
    INCREMENT BY 1
    NO MINVALUE
    NO MAXVALUE
    CACHE 1;


ALTER TABLE order_lines_id_seq OWNER TO saucony_admin;

--
-- Name: order_lines_id_seq; Type: SEQUENCE OWNED BY; Schema: public; Owner: saucony_admin
--

ALTER SEQUENCE order_lines_id_seq OWNED BY order_lines.id;


--
-- Name: orders; Type: TABLE; Schema: public; Owner: saucony_admin
--

CREATE TABLE orders (
    id integer NOT NULL,
    customer_id integer,
    total_price numeric,
    created_at timestamp with time zone DEFAULT now(),
    last_modified_at timestamp with time zone DEFAULT now(),
    ref text
);


ALTER TABLE orders OWNER TO saucony_admin;

--
-- Name: orders_id_seq; Type: SEQUENCE; Schema: public; Owner: saucony_admin
--

CREATE SEQUENCE orders_id_seq
    START WITH 1
    INCREMENT BY 1
    NO MINVALUE
    NO MAXVALUE
    CACHE 1;


ALTER TABLE orders_id_seq OWNER TO saucony_admin;

--
-- Name: orders_id_seq; Type: SEQUENCE OWNED BY; Schema: public; Owner: saucony_admin
--

ALTER SEQUENCE orders_id_seq OWNED BY orders.id;


--
-- Name: products; Type: TABLE; Schema: public; Owner: saucony_admin
--

CREATE TABLE products (
    id integer NOT NULL,
    model text NOT NULL,
    details text,
    color text,
    gender text,
    features text[],
    types text[],
    subtypes text[],
    sizes text[],
    primary_image text,
    images text[],
    price numeric,
    discount numeric,
    created_at timestamp with time zone DEFAULT now(),
    last_modified_at timestamp with time zone DEFAULT now(),
    model_path text,
    primary_remote_image text,
    remote_images text[]
);


ALTER TABLE products OWNER TO saucony_admin;

--
-- Name: products_id_seq; Type: SEQUENCE; Schema: public; Owner: saucony_admin
--

CREATE SEQUENCE products_id_seq
    START WITH 1
    INCREMENT BY 1
    NO MINVALUE
    NO MAXVALUE
    CACHE 1;


ALTER TABLE products_id_seq OWNER TO saucony_admin;

--
-- Name: products_id_seq; Type: SEQUENCE OWNED BY; Schema: public; Owner: saucony_admin
--

ALTER SEQUENCE products_id_seq OWNED BY products.id;


--
-- Name: schema_migrations; Type: TABLE; Schema: public; Owner: saucony_admin
--

CREATE TABLE schema_migrations (
    version integer NOT NULL
);


ALTER TABLE schema_migrations OWNER TO saucony_admin;

--
-- Name: stores; Type: TABLE; Schema: public; Owner: saucony_admin
--

CREATE TABLE stores (
    id integer NOT NULL,
    name text,
    city_th text,
    city text,
    created_at timestamp with time zone DEFAULT now(),
    last_modified_at timestamp with time zone DEFAULT now()
);


ALTER TABLE stores OWNER TO saucony_admin;

--
-- Name: stores_id_seq; Type: SEQUENCE; Schema: public; Owner: saucony_admin
--

CREATE SEQUENCE stores_id_seq
    START WITH 1
    INCREMENT BY 1
    NO MINVALUE
    NO MAXVALUE
    CACHE 1;


ALTER TABLE stores_id_seq OWNER TO saucony_admin;

--
-- Name: stores_id_seq; Type: SEQUENCE OWNED BY; Schema: public; Owner: saucony_admin
--

ALTER SEQUENCE stores_id_seq OWNED BY stores.id;


--
-- Name: id; Type: DEFAULT; Schema: public; Owner: saucony_admin
--

ALTER TABLE ONLY catalogs ALTER COLUMN id SET DEFAULT nextval('catalogs_id_seq'::regclass);


--
-- Name: id; Type: DEFAULT; Schema: public; Owner: saucony_admin
--

ALTER TABLE ONLY customers ALTER COLUMN id SET DEFAULT nextval('customers_id_seq'::regclass);


--
-- Name: id; Type: DEFAULT; Schema: public; Owner: saucony_admin
--

ALTER TABLE ONLY order_lines ALTER COLUMN id SET DEFAULT nextval('order_lines_id_seq'::regclass);


--
-- Name: id; Type: DEFAULT; Schema: public; Owner: saucony_admin
--

ALTER TABLE ONLY orders ALTER COLUMN id SET DEFAULT nextval('orders_id_seq'::regclass);


--
-- Name: id; Type: DEFAULT; Schema: public; Owner: saucony_admin
--

ALTER TABLE ONLY products ALTER COLUMN id SET DEFAULT nextval('products_id_seq'::regclass);


--
-- Name: id; Type: DEFAULT; Schema: public; Owner: saucony_admin
--

ALTER TABLE ONLY stores ALTER COLUMN id SET DEFAULT nextval('stores_id_seq'::regclass);


--
-- Data for Name: catalogs; Type: TABLE DATA; Schema: public; Owner: saucony_admin
--

COPY catalogs (id, item_no, barcode, price, model, color, size, gender, percent_discount, quantity, created_at, last_modified_at) FROM stdin;
42	S10319-2-5	646881899502	4900	RIDE 9	NVY/BLU/PNK	5	W	0	\N	2017-02-18 13:35:18.852577+07	2017-02-18 13:35:18.852577+07
43	S10319-2-6	646881899526	4900	RIDE 9	NVY/BLU/PNK	6	W	0	\N	2017-02-18 13:35:18.852577+07	2017-02-18 13:35:18.852577+07
44	S10319-2-6.5	646881899533	4900	RIDE 9	NVY/BLU/PNK	6.5	W	0	\N	2017-02-18 13:35:18.852577+07	2017-02-18 13:35:18.852577+07
45	S10319-2-7	646881899540	4900	RIDE 9	NVY/BLU/PNK	7	W	0	\N	2017-02-18 13:35:18.852577+07	2017-02-18 13:35:18.852577+07
46	S10319-2-7.5	646881899557	4900	RIDE 9	NVY/BLU/PNK	7.5	W	0	\N	2017-02-18 13:35:18.852577+07	2017-02-18 13:35:18.852577+07
47	S10319-2-8	646881899564	4900	RIDE 9	NVY/BLU/PNK	8	W	0	\N	2017-02-18 13:35:18.852577+07	2017-02-18 13:35:18.852577+07
48	S10319-2-8.5	646881899571	4900	RIDE 9	NVY/BLU/PNK	8.5	W	0	\N	2017-02-18 13:35:18.852577+07	2017-02-18 13:35:18.852577+07
49	S10319-2-9	646881899588	4900	RIDE 9	NVY/BLU/PNK	9	W	0	\N	2017-02-18 13:35:18.852577+07	2017-02-18 13:35:18.852577+07
50	S10319-2-10	646881899601	4900	RIDE 9	NVY/BLU/PNK	10	W	0	\N	2017-02-18 13:35:18.852577+07	2017-02-18 13:35:18.852577+07
51	S15244-10-5	44212957615	2500	KINETA RELAY	GRY	5	W	0	\N	2017-02-18 13:35:18.852577+07	2017-02-18 13:35:18.852577+07
52	S15244-10-6	44212957639	2500	KINETA RELAY	GRY	6	W	0	\N	2017-02-18 13:35:18.852577+07	2017-02-18 13:35:18.852577+07
53	S15244-10-6.5	44212957646	2500	KINETA RELAY	GRY	6.5	W	0	\N	2017-02-18 13:35:18.852577+07	2017-02-18 13:35:18.852577+07
54	S15244-10-7	44212957653	2500	KINETA RELAY	GRY	7	W	0	\N	2017-02-18 13:35:18.852577+07	2017-02-18 13:35:18.852577+07
55	S15244-10-7.5	44212957660	2500	KINETA RELAY	GRY	7.5	W	0	\N	2017-02-18 13:35:18.852577+07	2017-02-18 13:35:18.852577+07
56	S15244-10-8	44212957677	2500	KINETA RELAY	GRY	8	W	0	\N	2017-02-18 13:35:18.852577+07	2017-02-18 13:35:18.852577+07
57	S15244-10-8.5	44212957684	2500	KINETA RELAY	GRY	8.5	W	0	\N	2017-02-18 13:35:18.852577+07	2017-02-18 13:35:18.852577+07
58	S15244-10-9	44212957691	2500	KINETA RELAY	GRY	9	W	0	\N	2017-02-18 13:35:18.852577+07	2017-02-18 13:35:18.852577+07
59	S15244-10-10	44212957714	2500	KINETA RELAY	GRY	10	W	0	\N	2017-02-18 13:35:18.852577+07	2017-02-18 13:35:18.852577+07
60	S15272-1-5	635841237454	2850	GRID COHESION 9	SIL/NVY/TEA	5	W	30	\N	2017-02-18 13:35:18.852577+07	2017-02-18 13:35:18.852577+07
61	S15272-1-6	635841237478	2850	GRID COHESION 9	SIL/NVY/TEA	6	W	30	\N	2017-02-18 13:35:18.852577+07	2017-02-18 13:35:18.852577+07
62	S15272-1-6.5	635841237485	2850	GRID COHESION 9	SIL/NVY/TEA	6.5	W	30	\N	2017-02-18 13:35:18.852577+07	2017-02-18 13:35:18.852577+07
63	S15272-1-7	635841237492	2850	GRID COHESION 9	SIL/NVY/TEA	7	W	30	\N	2017-02-18 13:35:18.852577+07	2017-02-18 13:35:18.852577+07
64	S15272-1-7.5	635841237508	2850	GRID COHESION 9	SIL/NVY/TEA	7.5	W	30	\N	2017-02-18 13:35:18.852577+07	2017-02-18 13:35:18.852577+07
65	S15272-1-8	635841237515	2850	GRID COHESION 9	SIL/NVY/TEA	8	W	30	\N	2017-02-18 13:35:18.852577+07	2017-02-18 13:35:18.852577+07
66	S15272-1-8.5	635841237522	2850	GRID COHESION 9	SIL/NVY/TEA	8.5	W	30	\N	2017-02-18 13:35:18.852577+07	2017-02-18 13:35:18.852577+07
67	S15272-1-9	635841237539	2850	GRID COHESION 9	SIL/NVY/TEA	9	W	30	\N	2017-02-18 13:35:18.852577+07	2017-02-18 13:35:18.852577+07
68	S15272-1-10	635841237553	2850	GRID COHESION 9	SIL/NVY/TEA	10	W	30	\N	2017-02-18 13:35:18.852577+07	2017-02-18 13:35:18.852577+07
69	S20298-1-7	635841208577	4000	KINVARA 7	SLM/BLK	7	M	30	\N	2017-02-18 13:35:18.852577+07	2017-02-18 13:35:18.852577+07
70	S20298-1-7.5	635841208584	4000	KINVARA 7	SLM/BLK	7.5	M	30	\N	2017-02-18 13:35:18.852577+07	2017-02-18 13:35:18.852577+07
71	S20298-1-8	635841208591	4000	KINVARA 7	SLM/BLK	8	M	30	\N	2017-02-18 13:35:18.852577+07	2017-02-18 13:35:18.852577+07
72	S20298-1-8.5	635841208607	4000	KINVARA 7	SLM/BLK	8.5	M	30	\N	2017-02-18 13:35:18.852577+07	2017-02-18 13:35:18.852577+07
73	S20298-1-9	635841208614	4000	KINVARA 7	SLM/BLK	9	M	30	\N	2017-02-18 13:35:18.852577+07	2017-02-18 13:35:18.852577+07
74	S20298-1-9.5	635841208621	4000	KINVARA 7	SLM/BLK	9.5	M	30	\N	2017-02-18 13:35:18.852577+07	2017-02-18 13:35:18.852577+07
75	S20298-1-10	635841208638	4000	KINVARA 7	SLM/BLK	10	M	30	\N	2017-02-18 13:35:18.852577+07	2017-02-18 13:35:18.852577+07
76	S20298-1-10.5	635841208645	4000	KINVARA 7	SLM/BLK	10.5	M	30	\N	2017-02-18 13:35:18.852577+07	2017-02-18 13:35:18.852577+07
77	S20298-1-11	635841208652	4000	KINVARA 7	SLM/BLK	11	M	30	\N	2017-02-18 13:35:18.852577+07	2017-02-18 13:35:18.852577+07
78	S20298-1-11.5	635841208669	4000	KINVARA 7	SLM/BLK	11.5	M	30	\N	2017-02-18 13:35:18.852577+07	2017-02-18 13:35:18.852577+07
79	S20298-1-12	635841208676	4000	KINVARA 7	SLM/BLK	12	M	30	\N	2017-02-18 13:35:18.852577+07	2017-02-18 13:35:18.852577+07
80	S20298-1-13	635841208690	4000	KINVARA 7	SLM/BLK	13	M	30	\N	2017-02-18 13:35:18.852577+07	2017-02-18 13:35:18.852577+07
81	S20299-1-7	646881909478	4600	KINVARA 7 RUNSHIELD	RED/BLK/SIL	7	M	30	\N	2017-02-18 13:35:18.852577+07	2017-02-18 13:35:18.852577+07
82	S20299-1-8	646881909492	4600	KINVARA 7 RUNSHIELD	RED/BLK/SIL	8	M	30	\N	2017-02-18 13:35:18.852577+07	2017-02-18 13:35:18.852577+07
83	S20299-1-8.5	646881909508	4600	KINVARA 7 RUNSHIELD	RED/BLK/SIL	8.5	M	30	\N	2017-02-18 13:35:18.852577+07	2017-02-18 13:35:18.852577+07
84	S20299-1-9	646881909515	4600	KINVARA 7 RUNSHIELD	RED/BLK/SIL	9	M	30	\N	2017-02-18 13:35:18.852577+07	2017-02-18 13:35:18.852577+07
85	S20299-1-9.5	646881909522	4600	KINVARA 7 RUNSHIELD	RED/BLK/SIL	9.5	M	30	\N	2017-02-18 13:35:18.852577+07	2017-02-18 13:35:18.852577+07
86	S20299-1-10	646881909539	4600	KINVARA 7 RUNSHIELD	RED/BLK/SIL	10	M	30	\N	2017-02-18 13:35:18.852577+07	2017-02-18 13:35:18.852577+07
87	S20299-1-10.5	646881909546	4600	KINVARA 7 RUNSHIELD	RED/BLK/SIL	10.5	M	30	\N	2017-02-18 13:35:18.852577+07	2017-02-18 13:35:18.852577+07
88	S20299-1-11	646881909553	4600	KINVARA 7 RUNSHIELD	RED/BLK/SIL	11	M	30	\N	2017-02-18 13:35:18.852577+07	2017-02-18 13:35:18.852577+07
89	S20299-1-12	646881909577	4600	KINVARA 7 RUNSHIELD	RED/BLK/SIL	12	M	30	\N	2017-02-18 13:35:18.852577+07	2017-02-18 13:35:18.852577+07
90	S20319-1-7	646881911563	4900	RIDE 9	GRY/CHA/RED	7	M	0	\N	2017-02-18 13:35:18.852577+07	2017-02-18 13:35:18.852577+07
91	S20319-1-8	646881911587	4900	RIDE 9	GRY/CHA/RED	8	M	0	\N	2017-02-18 13:35:18.852577+07	2017-02-18 13:35:18.852577+07
92	S20319-1-8.5	646881911594	4900	RIDE 9	GRY/CHA/RED	8.5	M	0	\N	2017-02-18 13:35:18.852577+07	2017-02-18 13:35:18.852577+07
93	S20319-1-9	646881911600	4900	RIDE 9	GRY/CHA/RED	9	M	0	\N	2017-02-18 13:35:18.852577+07	2017-02-18 13:35:18.852577+07
94	S20319-1-9.5	646881911617	4900	RIDE 9	GRY/CHA/RED	9.5	M	0	\N	2017-02-18 13:35:18.852577+07	2017-02-18 13:35:18.852577+07
95	S20319-1-10	646881911624	4900	RIDE 9	GRY/CHA/RED	10	M	0	\N	2017-02-18 13:35:18.852577+07	2017-02-18 13:35:18.852577+07
96	S20319-1-10.5	646881911631	4900	RIDE 9	GRY/CHA/RED	10.5	M	0	\N	2017-02-18 13:35:18.852577+07	2017-02-18 13:35:18.852577+07
97	S20319-1-11	646881911648	4900	RIDE 9	GRY/CHA/RED	11	M	0	\N	2017-02-18 13:35:18.852577+07	2017-02-18 13:35:18.852577+07
98	S20319-1-11.5	646881911648	4900	RIDE 9	GRY/CHA/RED	11.5	M	0	\N	2017-02-18 13:35:18.852577+07	2017-02-18 13:35:18.852577+07
99	S20319-1-12	646881911662	4900	RIDE 9	GRY/CHA/RED	12	M	0	\N	2017-02-18 13:35:18.852577+07	2017-02-18 13:35:18.852577+07
100	S20325-1-7	646881911716	4900	XODUS ISO	GRY/ORG/BLK	7	M	0	\N	2017-02-18 13:35:18.852577+07	2017-02-18 13:35:18.852577+07
101	S20325-1-8	646881911730	4900	XODUS ISO	GRY/ORG/BLK	8	M	0	\N	2017-02-18 13:35:18.852577+07	2017-02-18 13:35:18.852577+07
102	S20325-1-8.5	646881911747	4900	XODUS ISO	GRY/ORG/BLK	8.5	M	0	\N	2017-02-18 13:35:18.852577+07	2017-02-18 13:35:18.852577+07
103	S20325-1-9	646881911754	4900	XODUS ISO	GRY/ORG/BLK	9	M	0	\N	2017-02-18 13:35:18.852577+07	2017-02-18 13:35:18.852577+07
104	S20325-1-9.5	646881911761	4900	XODUS ISO	GRY/ORG/BLK	9.5	M	0	\N	2017-02-18 13:35:18.852577+07	2017-02-18 13:35:18.852577+07
105	S20325-1-10	646881911778	4900	XODUS ISO	GRY/ORG/BLK	10	M	0	\N	2017-02-18 13:35:18.852577+07	2017-02-18 13:35:18.852577+07
106	S20325-1-10.5	646881911785	4900	XODUS ISO	GRY/ORG/BLK	10.5	M	0	\N	2017-02-18 13:35:18.852577+07	2017-02-18 13:35:18.852577+07
107	S20325-1-11	646881911792	4900	XODUS ISO	GRY/ORG/BLK	11	M	0	\N	2017-02-18 13:35:18.852577+07	2017-02-18 13:35:18.852577+07
108	S20325-1-12	646881911815	4900	XODUS ISO	GRY/ORG/BLK	12	M	0	\N	2017-02-18 13:35:18.852577+07	2017-02-18 13:35:18.852577+07
109	S25244-10-7	44212957912	2500	KINETA RELAY	GRY	7	M	0	\N	2017-02-18 13:35:18.852577+07	2017-02-18 13:35:18.852577+07
110	S25244-10-8	44212957936	2500	KINETA RELAY	GRY	8	M	0	\N	2017-02-18 13:35:18.852577+07	2017-02-18 13:35:18.852577+07
111	S25244-10-8.5	44212957943	2500	KINETA RELAY	GRY	8.5	M	0	\N	2017-02-18 13:35:18.852577+07	2017-02-18 13:35:18.852577+07
112	S25244-10-9	44212957950	2500	KINETA RELAY	GRY	9	M	0	\N	2017-02-18 13:35:18.852577+07	2017-02-18 13:35:18.852577+07
113	S25244-10-9.5	44212957967	2500	KINETA RELAY	GRY	9.5	M	0	\N	2017-02-18 13:35:18.852577+07	2017-02-18 13:35:18.852577+07
114	S25244-10-10	44212957974	2500	KINETA RELAY	GRY	10	M	0	\N	2017-02-18 13:35:18.852577+07	2017-02-18 13:35:18.852577+07
115	S25244-10-10.5	44212957981	2500	KINETA RELAY	GRY	10.5	M	0	\N	2017-02-18 13:35:18.852577+07	2017-02-18 13:35:18.852577+07
116	S25244-10-11	44212957998	2500	KINETA RELAY	GRY	11	M	0	\N	2017-02-18 13:35:18.852577+07	2017-02-18 13:35:18.852577+07
117	S25244-10-12	44212958018	2500	KINETA RELAY	GRY	12	M	0	\N	2017-02-18 13:35:18.852577+07	2017-02-18 13:35:18.852577+07
118	S25272-1-7	635841245152	2850	GRID COHESION 9	SIL/BLK/RED	7	M	30	\N	2017-02-18 13:35:18.852577+07	2017-02-18 13:35:18.852577+07
119	S25272-1-8	635841245176	2850	GRID COHESION 9	SIL/BLK/RED	8	M	30	\N	2017-02-18 13:35:18.852577+07	2017-02-18 13:35:18.852577+07
120	S25272-1-8.5	635841245183	2850	GRID COHESION 9	SIL/BLK/RED	8.5	M	30	\N	2017-02-18 13:35:18.852577+07	2017-02-18 13:35:18.852577+07
121	S25272-1-9	635841245190	2850	GRID COHESION 9	SIL/BLK/RED	9	M	30	\N	2017-02-18 13:35:18.852577+07	2017-02-18 13:35:18.852577+07
122	S25272-1-9.5	635841245206	2850	GRID COHESION 9	SIL/BLK/RED	9.5	M	30	\N	2017-02-18 13:35:18.852577+07	2017-02-18 13:35:18.852577+07
123	S25272-1-10	635841245213	2850	GRID COHESION 9	SIL/BLK/RED	10	M	30	\N	2017-02-18 13:35:18.852577+07	2017-02-18 13:35:18.852577+07
124	S25272-1-10.5	635841245220	2850	GRID COHESION 9	SIL/BLK/RED	10.5	M	30	\N	2017-02-18 13:35:18.852577+07	2017-02-18 13:35:18.852577+07
125	S25272-1-11	635841245237	2850	GRID COHESION 9	SIL/BLK/RED	11	M	30	\N	2017-02-18 13:35:18.852577+07	2017-02-18 13:35:18.852577+07
126	S25272-1-12	635841245251	2850	GRID COHESION 9	SIL/BLK/RED	12	M	30	\N	2017-02-18 13:35:18.852577+07	2017-02-18 13:35:18.852577+07
127	S25311-2-7	677338011567	2950	GRID EXCURSION TR10	BLK/ROY	7	M	0	\N	2017-02-18 13:35:18.852577+07	2017-02-18 13:35:18.852577+07
128	S25311-2-8	677338011581	2950	GRID EXCURSION TR10	BLK/ROY	8	M	0	\N	2017-02-18 13:35:18.852577+07	2017-02-18 13:35:18.852577+07
129	S25311-2-8.5	677338011598	2950	GRID EXCURSION TR10	BLK/ROY	8.5	M	0	\N	2017-02-18 13:35:18.852577+07	2017-02-18 13:35:18.852577+07
130	S25311-2-9	677338011604	2950	GRID EXCURSION TR10	BLK/ROY	9	M	0	\N	2017-02-18 13:35:18.852577+07	2017-02-18 13:35:18.852577+07
131	S25311-2-9.5	677338011611	2950	GRID EXCURSION TR10	BLK/ROY	9.5	M	0	\N	2017-02-18 13:35:18.852577+07	2017-02-18 13:35:18.852577+07
132	S25311-2-10	677338011628	2950	GRID EXCURSION TR10	BLK/ROY	10	M	0	\N	2017-02-18 13:35:18.852577+07	2017-02-18 13:35:18.852577+07
133	S25311-2-10.5	677338011635	2950	GRID EXCURSION TR10	BLK/ROY	10.5	M	0	\N	2017-02-18 13:35:18.852577+07	2017-02-18 13:35:18.852577+07
134	S25311-2-11	677338011642	2950	GRID EXCURSION TR10	BLK/ROY	11	M	0	\N	2017-02-18 13:35:18.852577+07	2017-02-18 13:35:18.852577+07
135	S25311-2-11.5	677338011642	2950	GRID EXCURSION TR10	BLK/ROY	11.5	M	0	\N	2017-02-18 13:35:18.852577+07	2017-02-18 13:35:18.852577+07
136	S25311-2-12	677338011666	2950	GRID EXCURSION TR10	BLK/ROY	12	M	0	\N	2017-02-18 13:35:18.852577+07	2017-02-18 13:35:18.852577+07
137	S15301-2-5	646881904855	2950	GRID EXCURSION TR10	BLACK/MINT	5	W	0	\N	2017-02-18 13:35:18.852577+07	2017-02-18 13:35:18.852577+07
138	S15301-2-6	646881904879	2950	GRID EXCURSION TR10	BLACK/MINT	6	W	0	\N	2017-02-18 13:35:18.852577+07	2017-02-18 13:35:18.852577+07
139	S15301-2-6.5	646881904886	2950	GRID EXCURSION TR10	BLACK/MINT	6.5	W	0	\N	2017-02-18 13:35:18.852577+07	2017-02-18 13:35:18.852577+07
140	S15301-2-7	646881904893	2950	GRID EXCURSION TR10	BLACK/MINT	7	W	0	\N	2017-02-18 13:35:18.852577+07	2017-02-18 13:35:18.852577+07
141	S15301-2-7.5	646881904909	2950	GRID EXCURSION TR10	BLACK/MINT	7.5	W	0	\N	2017-02-18 13:35:18.852577+07	2017-02-18 13:35:18.852577+07
142	S15301-2-8	646881904916	2950	GRID EXCURSION TR10	BLACK/MINT	8	W	0	\N	2017-02-18 13:35:18.852577+07	2017-02-18 13:35:18.852577+07
143	S15301-2-8.5	646881904923	2950	GRID EXCURSION TR10	BLACK/MINT	8.5	W	0	\N	2017-02-18 13:35:18.852577+07	2017-02-18 13:35:18.852577+07
144	S15301-2-9	646881904930	2950	GRID EXCURSION TR10	BLACK/MINT	9	W	0	\N	2017-02-18 13:35:18.852577+07	2017-02-18 13:35:18.852577+07
145	S15301-2-10	646881904954	2950	GRID EXCURSION TR10	BLACK/MINT	10	W	0	\N	2017-02-18 13:35:18.852577+07	2017-02-18 13:35:18.852577+07
146	S29028-1-7	44213896715	4600	TYPE A	ORG/RED	7	M	0	\N	2017-02-18 13:35:18.852577+07	2017-02-18 13:35:18.852577+07
147	S29028-1-8	44213896739	4600	TYPE A	ORG/RED	8	M	0	\N	2017-02-18 13:35:18.852577+07	2017-02-18 13:35:18.852577+07
148	S29028-1-8.5	44213896746	4600	TYPE A	ORG/RED	8.5	M	0	\N	2017-02-18 13:35:18.852577+07	2017-02-18 13:35:18.852577+07
149	S29028-1-9	44213896753	4600	TYPE A	ORG/RED	9	M	0	\N	2017-02-18 13:35:18.852577+07	2017-02-18 13:35:18.852577+07
150	S29028-1-9.5	44213896760	4600	TYPE A	ORG/RED	9.5	M	0	\N	2017-02-18 13:35:18.852577+07	2017-02-18 13:35:18.852577+07
151	S29028-1-10	44213896777	4600	TYPE A	ORG/RED	10	M	0	\N	2017-02-18 13:35:18.852577+07	2017-02-18 13:35:18.852577+07
152	S29028-1-10.5	44213896791	4600	TYPE A	ORG/RED	10.5	M	0	\N	2017-02-18 13:35:18.852577+07	2017-02-18 13:35:18.852577+07
153	S29028-1-11	44213896814	4600	TYPE A	ORG/RED	11	M	0	\N	2017-02-18 13:35:18.852577+07	2017-02-18 13:35:18.852577+07
154	S29028-1-12	44213896838	4600	TYPE A	ORG/RED	12	M	0	\N	2017-02-18 13:35:18.852577+07	2017-02-18 13:35:18.852577+07
155	S15244-9-5	720026738885	2500	KINETA RELAY	WHT/GRY	5	W	0	\N	2017-02-18 13:35:18.852577+07	2017-02-18 13:35:18.852577+07
156	S15244-9-6	720026738908	2500	KINETA RELAY	WHT/GRY	6	W	0	\N	2017-02-18 13:35:18.852577+07	2017-02-18 13:35:18.852577+07
157	S15244-9-6.5	720026738915	2500	KINETA RELAY	WHT/GRY	6.5	W	0	\N	2017-02-18 13:35:18.852577+07	2017-02-18 13:35:18.852577+07
158	S15244-9-7	720026738922	2500	KINETA RELAY	WHT/GRY	7	W	0	\N	2017-02-18 13:35:18.852577+07	2017-02-18 13:35:18.852577+07
159	S15244-9-7.5	720026738939	2500	KINETA RELAY	WHT/GRY	7.5	W	0	\N	2017-02-18 13:35:18.852577+07	2017-02-18 13:35:18.852577+07
160	S15244-9-8	720026738946	2500	KINETA RELAY	WHT/GRY	8	W	0	\N	2017-02-18 13:35:18.852577+07	2017-02-18 13:35:18.852577+07
161	S15244-9-8.5	720026738953	2500	KINETA RELAY	WHT/GRY	8.5	W	0	\N	2017-02-18 13:35:18.852577+07	2017-02-18 13:35:18.852577+07
162	S15244-9-9	720026738960	2500	KINETA RELAY	WHT/GRY	9	W	0	\N	2017-02-18 13:35:18.852577+07	2017-02-18 13:35:18.852577+07
163	S15244-9-10	720026738984	2500	KINETA RELAY	WHT/GRY	10	W	0	\N	2017-02-18 13:35:18.852577+07	2017-02-18 13:35:18.852577+07
164	S15244-24-5	720026738601	2700	KINETA RELAY	MAR/WHT	5	W	0	\N	2017-02-18 13:35:18.852577+07	2017-02-18 13:35:18.852577+07
165	S15244-24-6	720026738625	2700	KINETA RELAY	MAR/WHT	6	W	0	\N	2017-02-18 13:35:18.852577+07	2017-02-18 13:35:18.852577+07
166	S15244-24-6.5	720026738632	2700	KINETA RELAY	MAR/WHT	6.5	W	0	\N	2017-02-18 13:35:18.852577+07	2017-02-18 13:35:18.852577+07
167	S15244-24-7	720026738649	2700	KINETA RELAY	MAR/WHT	7	W	0	\N	2017-02-18 13:35:18.852577+07	2017-02-18 13:35:18.852577+07
168	S15244-24-7.5	720026738656	2700	KINETA RELAY	MAR/WHT	7.5	W	0	\N	2017-02-18 13:35:18.852577+07	2017-02-18 13:35:18.852577+07
169	S15244-24-8	720026738663	2700	KINETA RELAY	MAR/WHT	8	W	0	\N	2017-02-18 13:35:18.852577+07	2017-02-18 13:35:18.852577+07
170	S15244-24-8.5	720026738670	2700	KINETA RELAY	MAR/WHT	8.5	W	0	\N	2017-02-18 13:35:18.852577+07	2017-02-18 13:35:18.852577+07
171	S15244-24-9	720026738687	2700	KINETA RELAY	MAR/WHT	9	W	0	\N	2017-02-18 13:35:18.852577+07	2017-02-18 13:35:18.852577+07
172	S15244-24-10	720026738700	2700	KINETA RELAY	MAR/WHT	10	W	0	\N	2017-02-18 13:35:18.852577+07	2017-02-18 13:35:18.852577+07
173	S25244-9-7	720026753468	2500	KINETA RELAY	WHT/GRY	7	M	0	\N	2017-02-18 13:35:18.852577+07	2017-02-18 13:35:18.852577+07
174	S25244-9-8	720026753482	2500	KINETA RELAY	WHT/GRY	8	M	0	\N	2017-02-18 13:35:18.852577+07	2017-02-18 13:35:18.852577+07
175	S25244-9-8.5	720026753499	2500	KINETA RELAY	WHT/GRY	8.5	M	0	\N	2017-02-18 13:35:18.852577+07	2017-02-18 13:35:18.852577+07
176	S25244-9-9	720026753505	2500	KINETA RELAY	WHT/GRY	9	M	0	\N	2017-02-18 13:35:18.852577+07	2017-02-18 13:35:18.852577+07
177	S25244-9-9.5	720026753512	2500	KINETA RELAY	WHT/GRY	9.5	M	0	\N	2017-02-18 13:35:18.852577+07	2017-02-18 13:35:18.852577+07
178	S25244-9-10	720026753529	2500	KINETA RELAY	WHT/GRY	10	M	0	\N	2017-02-18 13:35:18.852577+07	2017-02-18 13:35:18.852577+07
179	S25244-9-10.5	720026753536	2500	KINETA RELAY	WHT/GRY	10.5	M	0	\N	2017-02-18 13:35:18.852577+07	2017-02-18 13:35:18.852577+07
180	S25244-9-11	720026753543	2500	KINETA RELAY	WHT/GRY	11	M	0	\N	2017-02-18 13:35:18.852577+07	2017-02-18 13:35:18.852577+07
181	S25244-9-12	720026753567	2500	KINETA RELAY	WHT/GRY	12	M	0	\N	2017-02-18 13:35:18.852577+07	2017-02-18 13:35:18.852577+07
182	S25244-24-7	720026753048	2700	KINETA RELAY	MAR/BLK	7	M	0	\N	2017-02-18 13:35:18.852577+07	2017-02-18 13:35:18.852577+07
183	S25244-24-8	720026753062	2700	KINETA RELAY	MAR/BLK	8	M	0	\N	2017-02-18 13:35:18.852577+07	2017-02-18 13:35:18.852577+07
184	S25244-24-8.5	720026753079	2700	KINETA RELAY	MAR/BLK	8.5	M	0	\N	2017-02-18 13:35:18.852577+07	2017-02-18 13:35:18.852577+07
185	S25244-24-9	720026753086	2700	KINETA RELAY	MAR/BLK	9	M	0	\N	2017-02-18 13:35:18.852577+07	2017-02-18 13:35:18.852577+07
186	S25244-24-9.5	720026753093	2700	KINETA RELAY	MAR/BLK	9.5	M	0	\N	2017-02-18 13:35:18.852577+07	2017-02-18 13:35:18.852577+07
187	S25244-24-10	720026753109	2700	KINETA RELAY	MAR/BLK	10	M	0	\N	2017-02-18 13:35:18.852577+07	2017-02-18 13:35:18.852577+07
188	S25244-24-10.5	720026753116	2700	KINETA RELAY	MAR/BLK	10.5	M	0	\N	2017-02-18 13:35:18.852577+07	2017-02-18 13:35:18.852577+07
189	S25244-24-11	720026753123	2700	KINETA RELAY	MAR/BLK	11	M	0	\N	2017-02-18 13:35:18.852577+07	2017-02-18 13:35:18.852577+07
190	S25244-24-12	720026753147	2700	KINETA RELAY	MAR/BLK	12	M	0	\N	2017-02-18 13:35:18.852577+07	2017-02-18 13:35:18.852577+07
191	S20355-3-8	720026749270	6500	FREEDOM ISO	BLU/BLK/CTN	8	M	0	\N	2017-02-18 13:35:18.852577+07	2017-02-18 13:35:18.852577+07
192	S20355-3-8.5	720026749287	6500	FREEDOM ISO	BLU/BLK/CTN	8.5	M	0	\N	2017-02-18 13:35:18.852577+07	2017-02-18 13:35:18.852577+07
193	S20355-3-9	720026749294	6500	FREEDOM ISO	BLU/BLK/CTN	9	M	0	\N	2017-02-18 13:35:18.852577+07	2017-02-18 13:35:18.852577+07
194	S20355-3-9.5	720026749300	6500	FREEDOM ISO	BLU/BLK/CTN	9.5	M	0	\N	2017-02-18 13:35:18.852577+07	2017-02-18 13:35:18.852577+07
195	S20355-3-10	720026749317	6500	FREEDOM ISO	BLU/BLK/CTN	10	M	0	\N	2017-02-18 13:35:18.852577+07	2017-02-18 13:35:18.852577+07
196	S20355-3-10.5	720026749324	6500	FREEDOM ISO	BLU/BLK/CTN	10.5	M	0	\N	2017-02-18 13:35:18.852577+07	2017-02-18 13:35:18.852577+07
197	S20355-3-11	720026749331	6500	FREEDOM ISO	BLU/BLK/CTN	11	M	0	\N	2017-02-18 13:35:18.852577+07	2017-02-18 13:35:18.852577+07
198	S20355-3-12	720026749355	6500	FREEDOM ISO	BLU/BLK/CTN	12	M	0	\N	2017-02-18 13:35:18.852577+07	2017-02-18 13:35:18.852577+07
199	S25326-2-8	720026979509	3900	GRID CALIBER TR	GRY/BLK/RED	8	M	0	\N	2017-02-18 13:35:18.852577+07	2017-02-18 13:35:18.852577+07
200	S25326-2-8.5	720026979516	3900	GRID CALIBER TR	GRY/BLK/RED	8.5	M	0	\N	2017-02-18 13:35:18.852577+07	2017-02-18 13:35:18.852577+07
201	S25326-2-9	720026979523	3900	GRID CALIBER TR	GRY/BLK/RED	9	M	0	\N	2017-02-18 13:35:18.852577+07	2017-02-18 13:35:18.852577+07
202	S25326-2-9.5	720026979530	3900	GRID CALIBER TR	GRY/BLK/RED	9.5	M	0	\N	2017-02-18 13:35:18.852577+07	2017-02-18 13:35:18.852577+07
203	S25326-2-10	720026979547	3900	GRID CALIBER TR	GRY/BLK/RED	10	M	0	\N	2017-02-18 13:35:18.852577+07	2017-02-18 13:35:18.852577+07
204	S25326-2-10.5	720026979554	3900	GRID CALIBER TR	GRY/BLK/RED	10.5	M	0	\N	2017-02-18 13:35:18.852577+07	2017-02-18 13:35:18.852577+07
205	S25326-2-11	720026979561	3900	GRID CALIBER TR	GRY/BLK/RED	11	M	0	\N	2017-02-18 13:35:18.852577+07	2017-02-18 13:35:18.852577+07
206	S25326-2-11.5	720026979578	3900	GRID CALIBER TR	GRY/BLK/RED	11.5	M	0	\N	2017-02-18 13:35:18.852577+07	2017-02-18 13:35:18.852577+07
207	S25326-2-12	720026979585	3900	GRID CALIBER TR	GRY/BLK/RED	12	M	0	\N	2017-02-18 13:35:18.852577+07	2017-02-18 13:35:18.852577+07
208	S15269-18-6	677338280048	3500	GRID IDEAL	BLK/GRY/PRI	6	W	0	\N	2017-02-18 13:35:18.852577+07	2017-02-18 13:35:18.852577+07
209	S15269-18-6.5	677338280055	3500	GRID IDEAL	BLK/GRY/PRI	6.5	W	0	\N	2017-02-18 13:35:18.852577+07	2017-02-18 13:35:18.852577+07
210	S15269-18-7	677338280062	3500	GRID IDEAL	BLK/GRY/PRI	7	W	0	\N	2017-02-18 13:35:18.852577+07	2017-02-18 13:35:18.852577+07
211	S15269-18-7.5	677338280079	3500	GRID IDEAL	BLK/GRY/PRI	7.5	W	0	\N	2017-02-18 13:35:18.852577+07	2017-02-18 13:35:18.852577+07
212	S15269-18-8	677338280086	3500	GRID IDEAL	BLK/GRY/PRI	8	W	0	\N	2017-02-18 13:35:18.852577+07	2017-02-18 13:35:18.852577+07
213	S15269-18-8.5	677338280093	3500	GRID IDEAL	BLK/GRY/PRI	8.5	W	0	\N	2017-02-18 13:35:18.852577+07	2017-02-18 13:35:18.852577+07
214	S15269-18-9	677338280109	3500	GRID IDEAL	BLK/GRY/PRI	9	W	0	\N	2017-02-18 13:35:18.852577+07	2017-02-18 13:35:18.852577+07
215	S15269-18-10	677338280123	3500	GRID IDEAL	BLK/GRY/PRI	10	W	0	\N	2017-02-18 13:35:18.852577+07	2017-02-18 13:35:18.852577+07
216	S20351-1-7	720026748648	4900	GUIDE 10	GRY/BLK/BLU	7	M	0	\N	2017-02-18 13:35:18.852577+07	2017-02-18 13:35:18.852577+07
217	S20351-1-7.5	720026748655	4900	GUIDE 10	GRY/BLK/BLU	7.5	M	0	\N	2017-02-18 13:35:18.852577+07	2017-02-18 13:35:18.852577+07
218	S20351-1-8	720026748662	4900	GUIDE 10	GRY/BLK/BLU	8	M	0	\N	2017-02-18 13:35:18.852577+07	2017-02-18 13:35:18.852577+07
219	S20351-1-8.5	720026748679	4900	GUIDE 10	GRY/BLK/BLU	8.5	M	0	\N	2017-02-18 13:35:18.852577+07	2017-02-18 13:35:18.852577+07
220	S20351-1-9	720026748686	4900	GUIDE 10	GRY/BLK/BLU	9	M	0	\N	2017-02-18 13:35:18.852577+07	2017-02-18 13:35:18.852577+07
221	S20351-1-9.5	720026748693	4900	GUIDE 10	GRY/BLK/BLU	9.5	M	0	\N	2017-02-18 13:35:18.852577+07	2017-02-18 13:35:18.852577+07
222	S20351-1-10	720026748709	4900	GUIDE 10	GRY/BLK/BLU	10	M	0	\N	2017-02-18 13:35:18.852577+07	2017-02-18 13:35:18.852577+07
223	S20351-1-10.5	720026748716	4900	GUIDE 10	GRY/BLK/BLU	10.5	M	0	\N	2017-02-18 13:35:18.852577+07	2017-02-18 13:35:18.852577+07
224	S20351-1-11	720026748723	4900	GUIDE 10	GRY/BLK/BLU	11	M	0	\N	2017-02-18 13:35:18.852577+07	2017-02-18 13:35:18.852577+07
225	S20351-1-11.5	720026748730	4900	GUIDE 10	GRY/BLK/BLU	11.5	M	0	\N	2017-02-18 13:35:18.852577+07	2017-02-18 13:35:18.852577+07
226	S20351-1-12	720026748747	4900	GUIDE 10	GRY/BLK/BLU	12	M	0	\N	2017-02-18 13:35:18.852577+07	2017-02-18 13:35:18.852577+07
227	S10362-1-6	720026736874	4900	GUIDE 10 LR	MAR/BLK	6	W	0	\N	2017-02-18 13:35:18.852577+07	2017-02-18 13:35:18.852577+07
228	S10362-1-6.5	720026736881	4900	GUIDE 10 LR	MAR/BLK	6.5	W	0	\N	2017-02-18 13:35:18.852577+07	2017-02-18 13:35:18.852577+07
229	S10362-1-7	720026736898	4900	GUIDE 10 LR	MAR/BLK	7	W	0	\N	2017-02-18 13:35:18.852577+07	2017-02-18 13:35:18.852577+07
230	S10362-1-7.5	720026736904	4900	GUIDE 10 LR	MAR/BLK	7.5	W	0	\N	2017-02-18 13:35:18.852577+07	2017-02-18 13:35:18.852577+07
231	S10362-1-8	720026736911	4900	GUIDE 10 LR	MAR/BLK	8	W	0	\N	2017-02-18 13:35:18.852577+07	2017-02-18 13:35:18.852577+07
232	S10362-1-8.5	720026736928	4900	GUIDE 10 LR	MAR/BLK	8.5	W	0	\N	2017-02-18 13:35:18.852577+07	2017-02-18 13:35:18.852577+07
233	S10362-1-9	720026736935	4900	GUIDE 10 LR	MAR/BLK	9	W	0	\N	2017-02-18 13:35:18.852577+07	2017-02-18 13:35:18.852577+07
234	S10362-1-9.5	720026736942	4900	GUIDE 10 LR	MAR/BLK	9.5	W	0	\N	2017-02-18 13:35:18.852577+07	2017-02-18 13:35:18.852577+07
235	S10362-1-10	720026736959	4900	GUIDE 10 LR	MAR/BLK	10	W	0	\N	2017-02-18 13:35:18.852577+07	2017-02-18 13:35:18.852577+07
236	S20349-1-8	720026747900	6200	HURRICANE ISO3	GREY/BLACK/CTN	8	M	0	\N	2017-02-18 13:35:18.852577+07	2017-02-18 13:35:18.852577+07
237	S20349-1-8.5	720026747917	6200	HURRICANE ISO3	GREY/BLACK/CTN	8.5	M	0	\N	2017-02-18 13:35:18.852577+07	2017-02-18 13:35:18.852577+07
238	S20349-1-9	720026747924	6200	HURRICANE ISO3	GREY/BLACK/CTN	9	M	0	\N	2017-02-18 13:35:18.852577+07	2017-02-18 13:35:18.852577+07
239	S20349-1-9.5	720026747931	6200	HURRICANE ISO3	GREY/BLACK/CTN	9.5	M	0	\N	2017-02-18 13:35:18.852577+07	2017-02-18 13:35:18.852577+07
240	S20349-1-10	720026747948	6200	HURRICANE ISO3	GREY/BLACK/CTN	10	M	0	\N	2017-02-18 13:35:18.852577+07	2017-02-18 13:35:18.852577+07
241	S20349-1-10.5	720026747955	6200	HURRICANE ISO3	GREY/BLACK/CTN	10.5	M	0	\N	2017-02-18 13:35:18.852577+07	2017-02-18 13:35:18.852577+07
242	S20349-1-11	720026747962	6200	HURRICANE ISO3	GREY/BLACK/CTN	11	M	0	\N	2017-02-18 13:35:18.852577+07	2017-02-18 13:35:18.852577+07
243	S20356-2-8	720026749577	3999	KINVARA 8	BLK/CTN	8	M	0	\N	2017-02-18 13:35:18.852577+07	2017-02-18 13:35:18.852577+07
244	S20356-2-8.5	720026749584	3999	KINVARA 8	BLK/CTN	8.5	M	0	\N	2017-02-18 13:35:18.852577+07	2017-02-18 13:35:18.852577+07
245	S20356-2-9	720026749591	3999	KINVARA 8	BLK/CTN	9	M	0	\N	2017-02-18 13:35:18.852577+07	2017-02-18 13:35:18.852577+07
246	S20356-2-9.5	720026749607	3999	KINVARA 8	BLK/CTN	9.5	M	0	\N	2017-02-18 13:35:18.852577+07	2017-02-18 13:35:18.852577+07
247	S20356-2-10	720026749614	3999	KINVARA 8	BLK/CTN	10	M	0	\N	2017-02-18 13:35:18.852577+07	2017-02-18 13:35:18.852577+07
248	S20356-2-10.5	720026749621	3999	KINVARA 8	BLK/CTN	10.5	M	0	\N	2017-02-18 13:35:18.852577+07	2017-02-18 13:35:18.852577+07
249	S20356-2-11	720026749638	3999	KINVARA 8	BLK/CTN	11	M	0	\N	2017-02-18 13:35:18.852577+07	2017-02-18 13:35:18.852577+07
250	S20356-2-11.5	720026749645	3999	KINVARA 8	BLK/CTN	11.5	M	0	\N	2017-02-18 13:35:18.852577+07	2017-02-18 13:35:18.852577+07
251	S20356-2-12	720026749652	3999	KINVARA 8	BLK/CTN	12	M	0	\N	2017-02-18 13:35:18.852577+07	2017-02-18 13:35:18.852577+07
252	S20356-1-7.5	720026749416	3999	KINVARA 8	GRY/BLU/ORG	7.5	M	0	\N	2017-02-18 13:35:18.852577+07	2017-02-18 13:35:18.852577+07
253	S20356-1-8	720026749423	3999	KINVARA 8	GRY/BLU/ORG	8	M	0	\N	2017-02-18 13:35:18.852577+07	2017-02-18 13:35:18.852577+07
254	S20356-1-8.5	720026749430	3999	KINVARA 8	GRY/BLU/ORG	8.5	M	0	\N	2017-02-18 13:35:18.852577+07	2017-02-18 13:35:18.852577+07
255	S20356-1-9	720026749447	3999	KINVARA 8	GRY/BLU/ORG	9	M	0	\N	2017-02-18 13:35:18.852577+07	2017-02-18 13:35:18.852577+07
256	S20356-1-9.5	720026749454	3999	KINVARA 8	GRY/BLU/ORG	9.5	M	0	\N	2017-02-18 13:35:18.852577+07	2017-02-18 13:35:18.852577+07
257	S20356-1-10	720026749461	3999	KINVARA 8	GRY/BLU/ORG	10	M	0	\N	2017-02-18 13:35:18.852577+07	2017-02-18 13:35:18.852577+07
258	S20356-1-10.5	720026749478	3999	KINVARA 8	GRY/BLU/ORG	10.5	M	0	\N	2017-02-18 13:35:18.852577+07	2017-02-18 13:35:18.852577+07
259	S20356-1-11	720026749485	3999	KINVARA 8	GRY/BLU/ORG	11	M	0	\N	2017-02-18 13:35:18.852577+07	2017-02-18 13:35:18.852577+07
260	S20356-1-12	720026749508	3999	KINVARA 8	GRY/BLU/ORG	12	M	0	\N	2017-02-18 13:35:18.852577+07	2017-02-18 13:35:18.852577+07
261	S20356-3-7	801100092441	3999	KINVARA 8	RED/BLK/TEA	7	M	0	\N	2017-02-18 13:35:18.852577+07	2017-02-18 13:35:18.852577+07
262	S20356-3-7.5	801100092458	3999	KINVARA 8	RED/BLK/TEA	7.5	M	0	\N	2017-02-18 13:35:18.852577+07	2017-02-18 13:35:18.852577+07
263	S20356-3-8	801100092465	3999	KINVARA 8	RED/BLK/TEA	8	M	0	\N	2017-02-18 13:35:18.852577+07	2017-02-18 13:35:18.852577+07
264	S20356-3-8.5	801100092472	3999	KINVARA 8	RED/BLK/TEA	8.5	M	0	\N	2017-02-18 13:35:18.852577+07	2017-02-18 13:35:18.852577+07
265	S20356-3-9	801100092489	3999	KINVARA 8	RED/BLK/TEA	9	M	0	\N	2017-02-18 13:35:18.852577+07	2017-02-18 13:35:18.852577+07
266	S20356-3-9.5	801100092496	3999	KINVARA 8	RED/BLK/TEA	9.5	M	0	\N	2017-02-18 13:35:18.852577+07	2017-02-18 13:35:18.852577+07
267	S20356-3-10	801100092502	3999	KINVARA 8	RED/BLK/TEA	10	M	0	\N	2017-02-18 13:35:18.852577+07	2017-02-18 13:35:18.852577+07
268	S20356-3-10.5	801100092519	3999	KINVARA 8	RED/BLK/TEA	10.5	M	0	\N	2017-02-18 13:35:18.852577+07	2017-02-18 13:35:18.852577+07
269	S20356-3-11	801100092526	3999	KINVARA 8	RED/BLK/TEA	11	M	0	\N	2017-02-18 13:35:18.852577+07	2017-02-18 13:35:18.852577+07
270	S20356-3-11.5	801100092533	3999	KINVARA 8	RED/BLK/TEA	11.5	M	0	\N	2017-02-18 13:35:18.852577+07	2017-02-18 13:35:18.852577+07
271	S20356-3-12	801100092540	3999	KINVARA 8	RED/BLK/TEA	12	M	0	\N	2017-02-18 13:35:18.852577+07	2017-02-18 13:35:18.852577+07
272	S20356-3-13	801100092564	3999	KINVARA 8	RED/BLK/TEA	13	M	0	\N	2017-02-18 13:35:18.852577+07	2017-02-18 13:35:18.852577+07
273	S10356-1-6	720026735976	3999	KINVARA 8	BER/PNK	6	W	0	\N	2017-02-18 13:35:18.852577+07	2017-02-18 13:35:18.852577+07
274	S10356-1-6.5	720026735983	3999	KINVARA 8	BER/PNK	6.5	W	0	\N	2017-02-18 13:35:18.852577+07	2017-02-18 13:35:18.852577+07
275	S10356-1-7	720026735990	3999	KINVARA 8	BER/PNK	7	W	0	\N	2017-02-18 13:35:18.852577+07	2017-02-18 13:35:18.852577+07
276	S10356-1-7.5	720026736003	3999	KINVARA 8	BER/PNK	7.5	W	0	\N	2017-02-18 13:35:18.852577+07	2017-02-18 13:35:18.852577+07
277	S10356-1-8	720026736010	3999	KINVARA 8	BER/PNK	8	W	0	\N	2017-02-18 13:35:18.852577+07	2017-02-18 13:35:18.852577+07
278	S10356-1-8.5	720026736027	3999	KINVARA 8	BER/PNK	8.5	W	0	\N	2017-02-18 13:35:18.852577+07	2017-02-18 13:35:18.852577+07
279	S10356-1-9	720026736034	3999	KINVARA 8	BER/PNK	9	W	0	\N	2017-02-18 13:35:18.852577+07	2017-02-18 13:35:18.852577+07
280	S10356-1-10	720026736058	3999	KINVARA 8	BER/PNK	10	W	0	\N	2017-02-18 13:35:18.852577+07	2017-02-18 13:35:18.852577+07
281	S10356-3-5	720026736256	3999	KINVARA 8	GRY/TEA/PUR	5	W	0	\N	2017-02-18 13:35:18.852577+07	2017-02-18 13:35:18.852577+07
282	S10356-3-6	720026736270	3999	KINVARA 8	GRY/TEA/PUR	6	W	0	\N	2017-02-18 13:35:18.852577+07	2017-02-18 13:35:18.852577+07
283	S10356-3-6.5	720026736287	3999	KINVARA 8	GRY/TEA/PUR	6.5	W	0	\N	2017-02-18 13:35:18.852577+07	2017-02-18 13:35:18.852577+07
284	S10356-3-7	720026736294	3999	KINVARA 8	GRY/TEA/PUR	7	W	0	\N	2017-02-18 13:35:18.852577+07	2017-02-18 13:35:18.852577+07
285	S10356-3-7.5	720026736300	3999	KINVARA 8	GRY/TEA/PUR	7.5	W	0	\N	2017-02-18 13:35:18.852577+07	2017-02-18 13:35:18.852577+07
286	S10356-3-8	720026736317	3999	KINVARA 8	GRY/TEA/PUR	8	W	0	\N	2017-02-18 13:35:18.852577+07	2017-02-18 13:35:18.852577+07
287	S10356-3-8.5	720026736324	3999	KINVARA 8	GRY/TEA/PUR	8.5	W	0	\N	2017-02-18 13:35:18.852577+07	2017-02-18 13:35:18.852577+07
288	S10356-3-9	720026736331	3999	KINVARA 8	GRY/TEA/PUR	9	W	0	\N	2017-02-18 13:35:18.852577+07	2017-02-18 13:35:18.852577+07
289	S10356-3-10	720026736355	3999	KINVARA 8	GRY/TEA/PUR	10	W	0	\N	2017-02-18 13:35:18.852577+07	2017-02-18 13:35:18.852577+07
290	S10356-2-5	720026736102	3999	KINVARA 8	ORG/YEL/BLU	5	W	0	\N	2017-02-18 13:35:18.852577+07	2017-02-18 13:35:18.852577+07
291	S10356-2-6	720026736126	3999	KINVARA 8	ORG/YEL/BLU	6	W	0	\N	2017-02-18 13:35:18.852577+07	2017-02-18 13:35:18.852577+07
292	S10356-2-6.5	720026736133	3999	KINVARA 8	ORG/YEL/BLU	6.5	W	0	\N	2017-02-18 13:35:18.852577+07	2017-02-18 13:35:18.852577+07
293	S10356-2-7	720026736140	3999	KINVARA 8	ORG/YEL/BLU	7	W	0	\N	2017-02-18 13:35:18.852577+07	2017-02-18 13:35:18.852577+07
294	S10356-2-7.5	720026736157	3999	KINVARA 8	ORG/YEL/BLU	7.5	W	0	\N	2017-02-18 13:35:18.852577+07	2017-02-18 13:35:18.852577+07
295	S10356-2-8	720026736164	3999	KINVARA 8	ORG/YEL/BLU	8	W	0	\N	2017-02-18 13:35:18.852577+07	2017-02-18 13:35:18.852577+07
296	S10356-2-8.5	720026736171	3999	KINVARA 8	ORG/YEL/BLU	8.5	W	0	\N	2017-02-18 13:35:18.852577+07	2017-02-18 13:35:18.852577+07
297	S10356-2-9	720026736188	3999	KINVARA 8	ORG/YEL/BLU	9	W	0	\N	2017-02-18 13:35:18.852577+07	2017-02-18 13:35:18.852577+07
298	S10356-2-10	720026736201	3999	KINVARA 8	ORG/YEL/BLU	10	W	0	\N	2017-02-18 13:35:18.852577+07	2017-02-18 13:35:18.852577+07
299	S20363-1-7	720026750436	4200	KINVARA 8 LR	MAR/BLK	7	M	0	\N	2017-02-18 13:35:18.852577+07	2017-02-18 13:35:18.852577+07
300	S20363-1-7.5	720026750443	4200	KINVARA 8 LR	MAR/BLK	7.5	M	0	\N	2017-02-18 13:35:18.852577+07	2017-02-18 13:35:18.852577+07
301	S20363-1-8	720026750450	4200	KINVARA 8 LR	MAR/BLK	8	M	0	\N	2017-02-18 13:35:18.852577+07	2017-02-18 13:35:18.852577+07
302	S20363-1-8.5	720026750467	4200	KINVARA 8 LR	MAR/BLK	8.5	M	0	\N	2017-02-18 13:35:18.852577+07	2017-02-18 13:35:18.852577+07
303	S20363-1-9	720026750474	4200	KINVARA 8 LR	MAR/BLK	9	M	0	\N	2017-02-18 13:35:18.852577+07	2017-02-18 13:35:18.852577+07
304	S20363-1-9.5	720026750481	4200	KINVARA 8 LR	MAR/BLK	9.5	M	0	\N	2017-02-18 13:35:18.852577+07	2017-02-18 13:35:18.852577+07
305	S20363-1-10	720026750498	4200	KINVARA 8 LR	MAR/BLK	10	M	0	\N	2017-02-18 13:35:18.852577+07	2017-02-18 13:35:18.852577+07
306	S20363-1-10.5	720026750504	4200	KINVARA 8 LR	MAR/BLK	10.5	M	0	\N	2017-02-18 13:35:18.852577+07	2017-02-18 13:35:18.852577+07
307	S20363-1-11	720026750511	4200	KINVARA 8 LR	MAR/BLK	11	M	0	\N	2017-02-18 13:35:18.852577+07	2017-02-18 13:35:18.852577+07
308	S20363-1-11.5	720026750528	4200	KINVARA 8 LR	MAR/BLK	11.5	M	0	\N	2017-02-18 13:35:18.852577+07	2017-02-18 13:35:18.852577+07
309	S20363-1-12	720026750535	4200	KINVARA 8 LR	MAR/BLK	12	M	0	\N	2017-02-18 13:35:18.852577+07	2017-02-18 13:35:18.852577+07
310	S20363-1-13	720026750559	4200	KINVARA 8 LR	MAR/BLK	13	M	0	\N	2017-02-18 13:35:18.852577+07	2017-02-18 13:35:18.852577+07
311	S10363-1-5	720026737000	4200	KINVARA 8 LR	MAR/BLK	5	W	0	\N	2017-02-18 13:35:18.852577+07	2017-02-18 13:35:18.852577+07
312	S10363-1-6	720026737024	4200	KINVARA 8 LR	MAR/BLK	6	W	0	\N	2017-02-18 13:35:18.852577+07	2017-02-18 13:35:18.852577+07
313	S10363-1-6.5	720026737031	4200	KINVARA 8 LR	MAR/BLK	6.5	W	0	\N	2017-02-18 13:35:18.852577+07	2017-02-18 13:35:18.852577+07
314	S10363-1-7	720026737048	4200	KINVARA 8 LR	MAR/BLK	7	W	0	\N	2017-02-18 13:35:18.852577+07	2017-02-18 13:35:18.852577+07
315	S10363-1-7.5	720026737055	4200	KINVARA 8 LR	MAR/BLK	7.5	W	0	\N	2017-02-18 13:35:18.852577+07	2017-02-18 13:35:18.852577+07
316	S10363-1-8	720026737062	4200	KINVARA 8 LR	MAR/BLK	8	W	0	\N	2017-02-18 13:35:18.852577+07	2017-02-18 13:35:18.852577+07
317	S10363-1-8.5	720026737079	4200	KINVARA 8 LR	MAR/BLK	8.5	W	0	\N	2017-02-18 13:35:18.852577+07	2017-02-18 13:35:18.852577+07
318	S10363-1-9	720026737086	4200	KINVARA 8 LR	MAR/BLK	9	W	0	\N	2017-02-18 13:35:18.852577+07	2017-02-18 13:35:18.852577+07
319	S10363-1-10	720026737109	4200	KINVARA 8 LR	MAR/BLK	10	W	0	\N	2017-02-18 13:35:18.852577+07	2017-02-18 13:35:18.852577+07
321	S20359-1-8.5	720026749737	4900	PEREGRINE 7	RED/ORG/BLK	8.5	M	0	\N	2017-02-18 13:35:18.852577+07	2017-02-18 13:35:18.852577+07
323	S20359-1-9.5	720026749751	4900	PEREGRINE 7	RED/ORG/BLK	9.5	M	0	\N	2017-02-18 13:35:18.852577+07	2017-02-18 13:35:18.852577+07
325	S20359-1-10.5	720026749775	4900	PEREGRINE 7	RED/ORG/BLK	10.5	M	0	\N	2017-02-18 13:35:18.852577+07	2017-02-18 13:35:18.852577+07
327	S20359-1-11.5	720026749799	4900	PEREGRINE 7	RED/ORG/BLK	11.5	M	0	\N	2017-02-18 13:35:18.852577+07	2017-02-18 13:35:18.852577+07
329	S10359-2-6	720026736577	4900	PEREGRINE 7	TEA/PUR	6	W	0	\N	2017-02-18 13:35:18.852577+07	2017-02-18 13:35:18.852577+07
330	S10359-2-6.5	720026736584	4900	PEREGRINE 7	TEA/PUR	6.5	W	0	\N	2017-02-18 13:35:18.852577+07	2017-02-18 13:35:18.852577+07
331	S10359-2-7	720026736591	4900	PEREGRINE 7	TEA/PUR	7	W	0	\N	2017-02-18 13:35:18.852577+07	2017-02-18 13:35:18.852577+07
332	S10359-2-7.5	720026736607	4900	PEREGRINE 7	TEA/PUR	7.5	W	0	\N	2017-02-18 13:35:18.852577+07	2017-02-18 13:35:18.852577+07
333	S10359-2-8	720026736614	4900	PEREGRINE 7	TEA/PUR	8	W	0	\N	2017-02-18 13:35:18.852577+07	2017-02-18 13:35:18.852577+07
334	S10359-2-8.5	720026736621	4900	PEREGRINE 7	TEA/PUR	8.5	W	0	\N	2017-02-18 13:35:18.852577+07	2017-02-18 13:35:18.852577+07
335	S10359-2-9	720026736638	4900	PEREGRINE 7	TEA/PUR	9	W	0	\N	2017-02-18 13:35:18.852577+07	2017-02-18 13:35:18.852577+07
336	S10359-2-9.5	720026736645	4900	PEREGRINE 7	TEA/PUR	9.5	W	0	\N	2017-02-18 13:35:18.852577+07	2017-02-18 13:35:18.852577+07
337	S10359-2-10	720026736652	4900	PEREGRINE 7	TEA/PUR	10	W	0	\N	2017-02-18 13:35:18.852577+07	2017-02-18 13:35:18.852577+07
338	S20347-1-7	720026747283	6200	TRIUMPH ISO 3	BLU/SIL	7	M	0	\N	2017-02-18 13:35:18.852577+07	2017-02-18 13:35:18.852577+07
339	S20347-1-8	720026747306	6200	TRIUMPH ISO 3	BLU/SIL	8	M	0	\N	2017-02-18 13:35:18.852577+07	2017-02-18 13:35:18.852577+07
340	S20347-1-8.5	720026747313	6200	TRIUMPH ISO 3	BLU/SIL	8.5	M	0	\N	2017-02-18 13:35:18.852577+07	2017-02-18 13:35:18.852577+07
341	S20347-1-9	720026747320	6200	TRIUMPH ISO 3	BLU/SIL	9	M	0	\N	2017-02-18 13:35:18.852577+07	2017-02-18 13:35:18.852577+07
322	S20359-1-9	720026749744	4900	PEREGRINE 7	RED/ORG/BLK	9	M	0	\N	2017-02-18 13:35:18.852577+07	2017-03-07 16:08:19.793865+07
324	S20359-1-10	720026749768	4900	PEREGRINE 7	RED/ORG/BLK	10	M	0	\N	2017-02-18 13:35:18.852577+07	2017-03-07 16:08:21.86597+07
326	S20359-1-11	720026749782	4900	PEREGRINE 7	RED/ORG/BLK	11	M	0	\N	2017-02-18 13:35:18.852577+07	2017-03-07 16:08:24.234626+07
328	S20359-1-12	720026749805	4900	PEREGRINE 7	RED/ORG/BLK	12	M	0	\N	2017-02-18 13:35:18.852577+07	2017-03-07 16:08:26.907488+07
342	S20347-1-9.5	720026747337	6200	TRIUMPH ISO 3	BLU/SIL	9.5	M	0	\N	2017-02-18 13:35:18.852577+07	2017-02-18 13:35:18.852577+07
343	S20347-1-10	720026747344	6200	TRIUMPH ISO 3	BLU/SIL	10	M	0	\N	2017-02-18 13:35:18.852577+07	2017-02-18 13:35:18.852577+07
344	S20347-1-10.5	720026747351	6200	TRIUMPH ISO 3	BLU/SIL	10.5	M	0	\N	2017-02-18 13:35:18.852577+07	2017-02-18 13:35:18.852577+07
345	S20347-1-11	720026747368	6200	TRIUMPH ISO 3	BLU/SIL	11	M	0	\N	2017-02-18 13:35:18.852577+07	2017-02-18 13:35:18.852577+07
346	S20347-1-11.5	720026747375	6200	TRIUMPH ISO 3	BLU/SIL	11.5	M	0	\N	2017-02-18 13:35:18.852577+07	2017-02-18 13:35:18.852577+07
347	S20347-1-12	720026747382	6200	TRIUMPH ISO 3	BLU/SIL	12	M	0	\N	2017-02-18 13:35:18.852577+07	2017-02-18 13:35:18.852577+07
348	S15336-1-6		2500	GRID VIVANT	BLK	6	W	0	\N	2017-02-18 13:35:18.852577+07	2017-02-18 13:35:18.852577+07
349	S15336-1-6.5		2500	GRID VIVANT	BLK	6.5	W	0	\N	2017-02-18 13:35:18.852577+07	2017-02-18 13:35:18.852577+07
350	S15336-1-7		2500	GRID VIVANT	BLK	7	W	0	\N	2017-02-18 13:35:18.852577+07	2017-02-18 13:35:18.852577+07
351	S15336-1-7.5		2500	GRID VIVANT	BLK	7.5	W	0	\N	2017-02-18 13:35:18.852577+07	2017-02-18 13:35:18.852577+07
352	S15336-1-8		2500	GRID VIVANT	BLK	8	W	0	\N	2017-02-18 13:35:18.852577+07	2017-02-18 13:35:18.852577+07
353	S15336-1-8.5		2500	GRID VIVANT	BLK	8.5	W	0	\N	2017-02-18 13:35:18.852577+07	2017-02-18 13:35:18.852577+07
354	S15336-1-9		2500	GRID VIVANT	BLK	9	W	0	\N	2017-02-18 13:35:18.852577+07	2017-02-18 13:35:18.852577+07
355	S15336-1-10		2500	GRID VIVANT	BLK	10	W	0	\N	2017-02-18 13:35:18.852577+07	2017-02-18 13:35:18.852577+07
356	S25343-1-7		2900	COHESION 10	GRY/SIL	7	M	0	\N	2017-02-18 13:35:18.852577+07	2017-02-18 13:35:18.852577+07
357	S25343-1-7.5		2900	COHESION 10	GRY/SIL	7.5	M	0	\N	2017-02-18 13:35:18.852577+07	2017-02-18 13:35:18.852577+07
358	S25343-1-8		2900	COHESION 10	GRY/SIL	8	M	0	\N	2017-02-18 13:35:18.852577+07	2017-02-18 13:35:18.852577+07
359	S25343-1-8.5		2900	COHESION 10	GRY/SIL	8.5	M	0	\N	2017-02-18 13:35:18.852577+07	2017-02-18 13:35:18.852577+07
360	S25343-1-9		2900	COHESION 10	GRY/SIL	9	M	0	\N	2017-02-18 13:35:18.852577+07	2017-02-18 13:35:18.852577+07
361	S25343-1-9.5		2900	COHESION 10	GRY/SIL	9.5	M	0	\N	2017-02-18 13:35:18.852577+07	2017-02-18 13:35:18.852577+07
362	S25343-1-10		2900	COHESION 10	GRY/SIL	10	M	0	\N	2017-02-18 13:35:18.852577+07	2017-02-18 13:35:18.852577+07
363	S25343-1-10.5		2900	COHESION 10	GRY/SIL	10.5	M	0	\N	2017-02-18 13:35:18.852577+07	2017-02-18 13:35:18.852577+07
364	S25343-1-11		2900	COHESION 10	GRY/SIL	11	M	0	\N	2017-02-18 13:35:18.852577+07	2017-02-18 13:35:18.852577+07
365	S25343-1-11.5		2900	COHESION 10	GRY/SIL	11.5	M	0	\N	2017-02-18 13:35:18.852577+07	2017-02-18 13:35:18.852577+07
366	S25343-1-12		2900	COHESION 10	GRY/SIL	12	M	0	\N	2017-02-18 13:35:18.852577+07	2017-02-18 13:35:18.852577+07
367	S15333-3-6		2900	GRID COHESION 10	GRYGRY/MNT	6	W	0	\N	2017-02-18 13:35:18.852577+07	2017-02-18 13:35:18.852577+07
368	S15333-3-6.5		2900	GRID COHESION 10	GRYGRY/MNT	6.5	W	0	\N	2017-02-18 13:35:18.852577+07	2017-02-18 13:35:18.852577+07
369	S15333-3-7		2900	GRID COHESION 10	GRYGRY/MNT	7	W	0	\N	2017-02-18 13:35:18.852577+07	2017-02-18 13:35:18.852577+07
370	S15333-3-7.5		2900	GRID COHESION 10	GRYGRY/MNT	7.5	W	0	\N	2017-02-18 13:35:18.852577+07	2017-02-18 13:35:18.852577+07
371	S15333-3-8		2900	GRID COHESION 10	GRYGRY/MNT	8	W	0	\N	2017-02-18 13:35:18.852577+07	2017-02-18 13:35:18.852577+07
372	S15333-3-8.5		2900	GRID COHESION 10	GRYGRY/MNT	8.5	W	0	\N	2017-02-18 13:35:18.852577+07	2017-02-18 13:35:18.852577+07
373	S15333-3-9		2900	GRID COHESION 10	GRYGRY/MNT	9	W	0	\N	2017-02-18 13:35:18.852577+07	2017-02-18 13:35:18.852577+07
374	S15333-2-5		2900	GRID COHESION 10	BLU/COR	5	W	0	\N	2017-02-18 13:35:18.890275+07	2017-02-18 13:35:18.890275+07
375	S15333-2-6		2900	GRID COHESION 10	BLU/COR	6	W	0	\N	2017-02-18 13:35:18.890275+07	2017-02-18 13:35:18.890275+07
376	S15333-2-6.5		2900	GRID COHESION 10	BLU/COR	6.5	W	0	\N	2017-02-18 13:35:18.890275+07	2017-02-18 13:35:18.890275+07
377	S15333-2-7		2900	GRID COHESION 10	BLU/COR	7	W	0	\N	2017-02-18 13:35:18.890275+07	2017-02-18 13:35:18.890275+07
378	S15333-2-7.5		2900	GRID COHESION 10	BLU/COR	7.5	W	0	\N	2017-02-18 13:35:18.890275+07	2017-02-18 13:35:18.890275+07
379	S15333-2-8		2900	GRID COHESION 10	BLU/COR	8	W	0	\N	2017-02-18 13:35:18.890275+07	2017-02-18 13:35:18.890275+07
380	S15333-2-8.5		2900	GRID COHESION 10	BLU/COR	8.5	W	0	\N	2017-02-18 13:35:18.890275+07	2017-02-18 13:35:18.890275+07
381	S15333-2-9		2900	GRID COHESION 10	BLU/COR	9	W	0	\N	2017-02-18 13:35:18.890275+07	2017-02-18 13:35:18.890275+07
382	S15333-2-9.5		2900	GRID COHESION 10	BLU/COR	9.5	W	0	\N	2017-02-18 13:35:18.890275+07	2017-02-18 13:35:18.890275+07
383	S15333-2-10		2900	GRID COHESION 10	BLU/COR	10	W	0	\N	2017-02-18 13:35:18.890275+07	2017-02-18 13:35:18.890275+07
320	S20359-1-8	720026749720	4900	PEREGRINE 7	RED/ORG/BLK	8	M	0	\N	2017-02-18 13:35:18.852577+07	2017-03-07 16:08:16.746117+07
\.


--
-- Name: catalogs_id_seq; Type: SEQUENCE SET; Schema: public; Owner: saucony_admin
--

SELECT pg_catalog.setval('catalogs_id_seq', 383, true);


--
-- Data for Name: customers; Type: TABLE DATA; Schema: public; Owner: saucony_admin
--

COPY customers (id, firstname, lastname, email, phone, address, created_at, last_modified_at) FROM stdin;
126	Ekkapob	Chitpanorak	ekkapob@gmail.com	804414062	79	2017-03-27 10:08:39.79993+07	2017-03-27 10:08:39.79993+07
127	Ekkapob	Chitpanorak	ekkapob@gmail.com	804414062	79/304 Moo Ban Setthasiri Changwattana Prachachoen\r\nLiap Khlongprapa Rd.\r\nBan mai	2017-03-28 00:00:57.561851+07	2017-03-28 00:00:57.561851+07
128	Ekkapob	Chitpanorak	ekkapob@gmail.com	804414062	79/304 Moo Ban Setthasiri Changwattana Prachachoen\r\nLiap Khlongprapa Rd.\r\nBan mai	2017-03-28 00:01:13.572994+07	2017-03-28 00:01:13.572994+07
129	Ekkapob	Chitpanorak	ekkapob@gmail.coms	804414062	79/304 Moo Ban Setthasiri Changwattana Prachachoen\r\nLiap Khlongprapa Rd.\r\nBan mai	2017-03-28 09:47:55.194968+07	2017-03-28 09:47:55.194968+07
\.


--
-- Name: customers_id_seq; Type: SEQUENCE SET; Schema: public; Owner: saucony_admin
--

SELECT pg_catalog.setval('customers_id_seq', 129, true);


--
-- Data for Name: order_lines; Type: TABLE DATA; Schema: public; Owner: saucony_admin
--

COPY order_lines (id, order_id, product_id, size, quantity, created_at, last_modified_at) FROM stdin;
239	140	17	9	1	2017-03-27 10:08:39.882865+07	2017-03-27 10:08:39.882865+07
240	141	18	12	1	2017-03-28 00:00:57.665753+07	2017-03-28 00:00:57.665753+07
241	142	18	12	2	2017-03-28 00:01:13.581711+07	2017-03-28 00:01:13.581711+07
242	143	22	9	1	2017-03-28 09:47:55.26819+07	2017-03-28 09:47:55.26819+07
243	143	37	6	1	2017-03-28 09:47:55.271653+07	2017-03-28 09:47:55.271653+07
244	143	11	6.5	1	2017-03-28 09:47:55.275801+07	2017-03-28 09:47:55.275801+07
245	143	11	7	1	2017-03-28 09:47:55.278748+07	2017-03-28 09:47:55.278748+07
246	143	37	7	1	2017-03-28 09:47:55.282333+07	2017-03-28 09:47:55.282333+07
\.


--
-- Name: order_lines_id_seq; Type: SEQUENCE SET; Schema: public; Owner: saucony_admin
--

SELECT pg_catalog.setval('order_lines_id_seq', 246, true);


--
-- Data for Name: orders; Type: TABLE DATA; Schema: public; Owner: saucony_admin
--

COPY orders (id, customer_id, total_price, created_at, last_modified_at, ref) FROM stdin;
140	126	6500	2017-03-27 10:08:39.864784+07	2017-03-27 10:08:39.891466+07	2703140
141	127	3900	2017-03-28 00:00:57.635306+07	2017-03-28 00:00:57.674303+07	2803141
142	128	7800	2017-03-28 00:01:13.577573+07	2017-03-28 00:01:13.582852+07	2803142
143	129	17900	2017-03-28 09:47:55.239995+07	2017-03-28 09:47:55.283023+07	2803143
\.


--
-- Name: orders_id_seq; Type: SEQUENCE SET; Schema: public; Owner: saucony_admin
--

SELECT pg_catalog.setval('orders_id_seq', 143, true);


--
-- Data for Name: products; Type: TABLE DATA; Schema: public; Owner: saucony_admin
--

COPY products (id, model, details, color, gender, features, types, subtypes, sizes, primary_image, images, price, discount, created_at, last_modified_at, model_path, primary_remote_image, remote_images) FROM stdin;
18	GRID CALIBER TR	\N	GRY/BLK/RED	M	{new_arrival}	\N	\N	{8,8.5,9,9.5,10,10.5,11,11.5,12}	\N	\N	3900	0	2017-03-07 15:51:05.458355+07	2017-04-04 00:23:10.723167+07	grid-caliber-tr	S25326-2_1	{S25326-2_1,S25326-2_2,S25326-2_3,S25326-2_4,S25326-2_5}
3	GRID COHESION 9	\N	SIL/NVY/TEA	W	\N	\N	\N	{5,6,6.5,7,7.5,8,8.5,9,10}	\N	\N	2850	30	2017-03-06 00:11:32.691672+07	2017-03-12 05:18:01.874375+07	grid-cohesion-9	S15272-1_1	{S15272-1_1,S15272-1_2,S15272-1_3,S15272-1_4,S15272-1_5}
19	GRID IDEAL	\N	BLK/GRY/PRI	W	{new_arrival}	\N	\N	{6,6.5,7,7.5,8,8.5,9,10}	\N	\N	3500	0	2017-03-07 15:51:05.458355+07	2017-04-04 00:23:16.356582+07	grid-ideal	S15269-18_1	{S15269-18_1,S15269-18_2,S15269-18_3,S15269-18_4,S15269-18_5}
21	GUIDE 10 LR	\N	MAR/BLK	W	{new_arrival}	\N	\N	{6,6.5,7,7.5,8,8.5,9,9.5,10}	\N	\N	4900	0	2017-03-07 15:51:05.458355+07	2017-04-04 00:23:18.291173+07	guide-10-lr	S10362-1_1	{S10362-1_1,S10362-1_2,S10362-1_3,S10362-1_4,S10362-1_5}
5	KINVARA 7 RUNSHIELD	\N	RED/BLK/SIL	M	\N	\N	\N	{7,8,8.5,9,9.5,10,10.5,11,12}	\N	\N	4600	30	2017-03-07 15:51:05.458355+07	2017-03-12 05:24:03.696012+07	kinvara-7-runshield	S20299-1_1	{S20299-1_1,S20299-1_2,S20299-1_3,S20299-1_4,S20299-1_5}
23	KINVARA 8	\N	BLK/CTN	M	{new_arrival}	\N	\N	{8,8.5,9,9.5,10,10.5,11,11.5,12}	\N	\N	3999	0	2017-03-07 15:51:05.458355+07	2017-04-04 00:23:25.109938+07	kinvara-8	S20356-2_1	{S20356-2_1,S20356-2_2,S20356-2_3,S20356-2_4,S20356-2_5}
24	KINVARA 8	\N	GRY/BLU/ORG	M	{new_arrival}	\N	\N	{7.5,8,8.5,9,9.5,10,10.5,11,12}	\N	\N	3999	0	2017-03-07 15:51:05.458355+07	2017-04-04 00:23:25.786719+07	kinvara-8	S20356-1_1	{S20356-1_1,S20356-1_2,S20356-1_3,S20356-1_4,S20356-1_5}
26	KINVARA 8	\N	BER/PNK	W	{new_arrival}	\N	\N	{6,6.5,7,7.5,8,8.5,9,10}	\N	\N	3999	0	2017-03-07 15:51:05.458355+07	2017-04-04 00:23:26.975579+07	kinvara-8	S10356-1_1	{S10356-1_1,S10356-1_2,S10356-1_3,S10356-1_4,S10356-1_5}
17	FREEDOM ISO	\N	BLU/BLK/CTN	M	{new_arrival}	\N	\N	{8,8.5,9,9.5,10,10.5,11,12}	\N	\N	6500	0	2017-03-07 15:51:05.458355+07	2017-04-04 00:23:09.559226+07	freedom-iso	S20355-3_1	{S20355-3_1,S20355-3_2,S20355-3_3,S20355-3_4,S20355-3_5}
27	KINVARA 8	\N	GRY/TEA/PUR	W	{new_arrival}	\N	\N	{5,6,6.5,7,7.5,8,8.5,9,10}	\N	\N	3999	0	2017-03-07 15:51:05.458355+07	2017-04-04 00:23:27.440427+07	kinvara-8	S10356-3_1	{S10356-3_1,S10356-3_2,S10356-3_3,S10356-3_4,S10356-3_5}
30	KINVARA 8 LR	\N	MAR/BLK	W	{best_sellers}	\N	\N	{5,6,6.5,7,7.5,8,8.5,9,10}	\N	\N	4200	0	2017-03-07 15:51:05.458355+07	2017-04-04 00:23:51.167115+07	kinvara-8-lr	S10363-1_1	{S10363-1_1,S10363-1_2,S10363-1_3,S10363-1_4,S10363-1_5}
32	PEREGRINE 7	\N	TEA/PUR	W	{award_winner}	\N	\N	{6,6.5,7,7.5,8,8.5,9,9.5,10}	\N	\N	4900	0	2017-03-07 15:51:05.458355+07	2017-04-04 00:24:15.196008+07	peregrine-7	S10359-2_1	{S10359-2_1,S10359-2_2,S10359-2_3,S10359-2_4,S10359-2_5}
10	GRID EXCURSION TR10	\N	BLK/ROY	M	\N	\N	\N	{7,8,8.5,9,9.5,10,10.5,11,11.5,12}	\N	\N	2950	30	2017-03-07 15:51:05.458355+07	2017-04-04 00:28:29.33258+07	grid-excursion-tr10	S25301-2_1	{S25301-2_1,S25301-2_2,S25301-2_3,S25301-2_4,S25301-2_5}
8	KINETA RELAY	\N	GRY	M	\N	\N	\N	{7,8,8.5,9,9.5,10,10.5,11,12}	\N	\N	2500	0	2017-03-07 15:51:05.458355+07	2017-03-12 05:33:17.823532+07	kineta-relay	S25244-10_1	{S25244-10_1,S25244-10_2,S25244-10_3,S25244-10_4,S25244-10_5,S25244-10_6}
11	GRID EXCURSION TR10	\N	BLACK/MINT	W	\N	\N	\N	{5,6,6.5,7,7.5,8,8.5,9,10}	\N	\N	2950	30	2017-03-07 15:51:05.458355+07	2017-04-04 00:29:19.539509+07	grid-excursion-tr10	S15301-2_1	{S15301-2_1,S15301-2_2,S15301-2_3,S15301-2_4,S15301-2_5}
35	COHESION 10	\N	GRY/SIL	M	\N	\N	\N	{7,7.5,8,8.5,9,9.5,10,10.5,11,11.5,12}	\N	\N	2900	30	2017-03-07 15:51:05.458355+07	2017-04-04 00:29:21.542884+07	cohesion-10	S25343-1_1	{S25343-1_1,S25343-1_2,S25343-1_3,S25343-1_4,S25343-1_5}
6	RIDE 9	\N	GRY/CHA/RED	M	\N	\N	\N	{7,8,8.5,9,9.5,10,10.5,11,11.5,12}	\N	\N	4900	30	2017-03-07 15:51:05.458355+07	2017-04-04 00:28:04.052078+07	ride-9	S20318-1_1	{S20318-1_1,S20319-1_2,S20319-1_3,S20319-1_4,S20319-1_5}
36	GRID COHESION 10	\N	GRYGRY/MNT	W	\N	\N	\N	{6,6.5,7,7.5,8,8.5,9}	\N	\N	2900	30	2017-03-07 15:51:05.458355+07	2017-04-04 00:29:22.74544+07	grid-cohesion-10	S15333-3_1	{S15333-3_1,S15333-3_2,S15333-3_3,S15333-3_4,S15333-3_5}
34	GRID VIVANT	\N	BLK	W	\N	\N	\N	{6,6.5,7,7.5,8,8.5,9,10}	\N	\N	2500	0	2017-03-07 15:51:05.458355+07	2017-03-12 06:03:37.828357+07	grid-vivant	S15336-1_1	{S15336-1_1,S15336-1_2,S15336-1_3,S15336-1_4,S15336-1_5}
14	KINETA RELAY	\N	MAR/WHT	W	{new_arrival}	\N	\N	{5,6,6.5,7,7.5,8,8.5,9,10}	\N	\N	2700	0	2017-03-07 15:51:05.458355+07	2017-04-04 00:22:51.136274+07	kineta-relay	S15244-24_1	{S15244-24_1,S15244-24_2,S15244-24_3,S15244-24_4,S15244-24_5}
13	KINETA RELAY	\N	WHT/GRY	W	{new_arrival}	\N	\N	{5,6,6.5,7,7.5,8,8.5,9,10}	\N	\N	2500	0	2017-03-07 15:51:05.458355+07	2017-04-04 00:21:02.629365+07	kineta-relay	S15244-9_1	{S15244-9_1,S15244-9_2,S15244-9_3,S15244-9_4,S15244-9_5}
2	KINETA RELAY	\N	GRY	W	\N	\N	\N	{5,6,6.5,7,7.5,8,8.5,9,10}	\N	\N	2500	\N	2017-03-06 00:10:30.955076+07	2017-04-04 00:22:44.294952+07	kineta-relay	S15244-10_1	{S15244-10_1,S15244-10_2,S15244-10_3,S15244-10_4,S15244-10_5}
20	GUIDE 10	\N	GRY/BLK/BLU	M	{new_arrival}	\N	\N	{7,7.5,8,8.5,9,9.5,10,10.5,11,11.5,12}	\N	\N	4900	0	2017-03-07 15:51:05.458355+07	2017-04-04 00:23:17.138344+07	guide-10	S20351-1_1	{S20351-1_1,S20351-1_2,S20351-1_3,S20351-1_4,S20351-1_5}
22	HURRICANE ISO3	\N	GREY/BLACK/CTN	M	{new_arrival}	\N	\N	{8,8.5,9,9.5,10,10.5,11}	\N	\N	6200	0	2017-03-07 15:51:05.458355+07	2017-04-04 00:23:24.547887+07	hurricane-iso3	S20349-1_1	{S20349-1_1,S20349-1_2,S20349-1_3,S20349-1_4,S20349-1_5}
1	RIDE 9	\N	NVY/BLU/PNK	W	\N	\N	\N	{5,6,6.5,7,7.5,8,8.5,9,10}	ride-9-1-08f804d4-80a7-47c3-8667-0fe62bd3a043.jpg	{ride-9-1-08f804d4-80a7-47c3-8667-0fe62bd3a043.jpg,ride-9-2-6679834e-fa43-46fb-afbb-ca62cd89f29e.jpg,ride-9-3-12cf888a-efa0-4333-9cab-24021726244d.jpg,ride-9-4-6b9aca30-4a7c-4750-b5d1-3ea53c3c46b4.jpg,ride-9-5-7deab1e0-57d7-4162-9f88-749c3ccb675f.jpg}	4900	\N	2017-03-06 00:09:10.863797+07	2017-03-12 05:20:12.994818+07	ride-9	S10319-2_1	{S10319-2_1,S10319-2_2,S10319-2_3,S10319-2_4,S10319-2_5}
4	KINVARA 7	\N	SLM/BLK	M	\N	\N	\N	{7,7.5,8,8.5,9,9.5,10,10.5,11,11.5,12,13}	\N	\N	4000	30	2017-03-07 15:33:31.859562+07	2017-03-12 05:22:28.998623+07	kinvara-7	S20298-1_1	{S20298-1_1,S20298-1_2,S20298-1_3,S20298-1_4,S20298-1_5,S20298-1_6}
7	XODUS ISO	\N	GRY/ORG/BLK	M	\N	\N	\N	{7,8,8.5,9,9.5,10,10.5,11,12}	\N	\N	4900	0	2017-03-07 15:51:05.458355+07	2017-03-12 05:30:37.315958+07	xodus-iso	S20325-1_1	{S20325-1_1,S20325-1_2,S20325-1_3,S20325-1_4,S20325-1_5}
9	GRID COHESION 9	\N	SIL/BLK/RED	M	\N	\N	\N	{7,8,8.5,9,9.5,10,10.5,11,12}	\N	\N	2850	30	2017-03-07 15:51:05.458355+07	2017-03-12 05:34:36.015157+07	grid-cohesion-9	S25272-1_1	{S25272-1_1,S25272-1_2,S25272-1_3,S25272-1_4,S25272-1_5}
12	TYPE A	\N	ORG/RED	M	\N	\N	\N	{7,8,8.5,9,9.5,10,10.5,11,12}	\N	\N	4600	0	2017-03-07 15:51:05.458355+07	2017-03-12 05:40:01.185694+07	type-a	S29028-1_1	{S29028-1_1,S29028-1_2,S29028-1_3,S29028-1_4,S29028-1_5,S29028-1_6}
37	GRID COHESION 10	\N	BLU/COR	W	\N	\N	\N	{5,6,6.5,7,7.5,8,8.5,9,9.5,10}	\N	\N	2900	30	2017-03-07 15:51:05.458355+07	2017-04-04 00:29:26.337009+07	grid-cohesion-10	S15333-2_1	{S15333-2_1,S15333-2_2,S15333-2_3,S15333-2_4,S15333-2_5}
15	KINETA RELAY	\N	WHT/GRY	M	{new_arrival}	\N	\N	{7,8,8.5,9,9.5,10,10.5,11,12}	\N	\N	2500	0	2017-03-07 15:51:05.458355+07	2017-04-04 00:22:52.522368+07	kineta-relay	S25244-9_1	{S25244-9_1,S25244-9_2,S25244-9_3,S25244-9_4,S25244-9_5}
16	KINETA RELAY	\N	MAR/BLK	M	{new_arrival}	\N	\N	{7,8,8.5,9,9.5,10,10.5,11,12}	\N	\N	2700	0	2017-03-07 15:51:05.458355+07	2017-04-04 00:23:04.299117+07	kineta-relay	S25244-24_1	{S25244-24_1,S25244-24_2,S25244-24_3,S25244-24_4,S25244-24_5}
25	KINVARA 8	\N	RED/BLK/TEA	M	{new_arrival}	\N	\N	{7,7.5,8,8.5,9,9.5,10,10.5,11,11.5,12,13}	\N	\N	3999	0	2017-03-07 15:51:05.458355+07	2017-04-04 00:23:26.481992+07	kinvara-8	S20356-3_1	{S20356-3_1,S20356-3_2,S20356-3_3,S20356-3_4,S20356-3_5}
28	KINVARA 8	\N	ORG/YEL/BLU	W	{new_arrival}	\N	\N	{5,6,6.5,7,7.5,8,8.5,9,10}	\N	\N	3999	0	2017-03-07 15:51:05.458355+07	2017-04-04 00:23:38.462507+07	kinvara-8	S10356-2_1	{S10356-2_1,S10356-2_2,S10356-2_3,S10356-2_4,S10356-2_5}
29	KINVARA 8 LR	\N	MAR/BLK	M	{best_sellers}	\N	\N	{7,7.5,8,8.5,9,9.5,10,10.5,11,11.5,12,13}	\N	\N	4200	0	2017-03-07 15:51:05.458355+07	2017-04-04 00:23:48.290123+07	kinvara-8-lr	S20363-1_1	{S20363-1_1,S20363-1_2,S20363-1_3,S20363-1_4,S20363-1_5}
31	PEREGRINE 7	\N	RED/ORG/BLK	M	{award_winner}	\N	\N	{8,8.5,9,9.5,10,10.5,11,11.5,12}	\N	\N	4900	0	2017-03-07 15:51:05.458355+07	2017-04-04 00:24:14.399236+07	peregrine-7	S20359-1_1	{S20359-1_1,S20359-1_2,S20359-1_3,S20359-1_4,S20359-1_5}
33	TRIUMPH ISO 3	\N	BLU/SIL	M	{award_winner}	\N	\N	{7,8,8.5,9,9.5,10,10.5,11,11.5,12}	\N	\N	6200	0	2017-03-07 15:51:05.458355+07	2017-04-04 00:24:21.462362+07	triumph-iso-3	S20347-1_1	{S20347-1_1,S20347-1_2,S20347-1_3,S20347-1_4,S20347-1_5}
\.


--
-- Name: products_id_seq; Type: SEQUENCE SET; Schema: public; Owner: saucony_admin
--

SELECT pg_catalog.setval('products_id_seq', 37, true);


--
-- Data for Name: schema_migrations; Type: TABLE DATA; Schema: public; Owner: saucony_admin
--

COPY schema_migrations (version) FROM stdin;
1483796582
1483800356
1483800780
1487402299
1488976374
1488977461
1489229224
1490368636
1490433893
1490439606
1490457608
1491182932
\.


--
-- Data for Name: stores; Type: TABLE DATA; Schema: public; Owner: saucony_admin
--

COPY stores (id, name, city_th, city, created_at, last_modified_at) FROM stdin;
1	 Sportsmall  2		Bangkok	2017-04-03 09:10:05.037683+07	2017-04-03 09:10:05.037683+07
2	 Sportsmall  2		Bangkok	2017-04-03 09:10:05.037683+07	2017-04-03 09:10:05.037683+07
3	  3		Bangkok	2017-04-03 09:10:05.037683+07	2017-04-03 09:10:05.037683+07
4	 Sportsmall  2		Bangkok	2017-04-03 09:10:05.037683+07	2017-04-03 09:10:05.037683+07
5	  2  Zeen Zone		Bangkok	2017-04-03 09:10:05.037683+07	2017-04-03 09:10:05.037683+07
6	   1		Bangkok	2017-04-03 09:10:05.037683+07	2017-04-03 09:10:05.037683+07
7	Sports World  21 		Bangkok	2017-04-03 09:10:05.037683+07	2017-04-03 09:10:05.037683+07
8	Sports World 		Bangkok	2017-04-03 09:10:05.037683+07	2017-04-03 09:10:05.037683+07
9	Sports World 		Bangkok	2017-04-03 09:10:05.037683+07	2017-04-03 09:10:05.037683+07
10	Sports World 		Bangkok	2017-04-03 09:10:05.037683+07	2017-04-03 09:10:05.037683+07
11	Sports World 		Bangkok	2017-04-03 09:10:05.037683+07	2017-04-03 09:10:05.037683+07
12	Sports World  		Bangkok	2017-04-03 09:10:05.037683+07	2017-04-03 09:10:05.037683+07
13	Supersports  2  3		Bangkok	2017-04-03 09:10:05.037683+07	2017-04-03 09:10:05.037683+07
14	Supersports   2		Bangkok	2017-04-03 09:10:05.037683+07	2017-04-03 09:10:05.037683+07
15	Ari Running Concept Store  3 		Bangkok	2017-04-03 09:10:05.037683+07	2017-04-03 09:10:05.037683+07
16	Ari Running CTW  2 Central 		Bangkok	2017-04-03 09:10:05.037683+07	2017-04-03 09:10:05.037683+07
17	Ari Running Pinklao  1 The Crystal		Bangkok	2017-04-03 09:10:05.037683+07	2017-04-03 09:10:05.037683+07
18	REV RUNNR  Sports Mall   2		Bangkok	2017-04-03 09:10:05.037683+07	2017-04-03 09:10:05.037683+07
19	REV RUNNR   2		Bangkok	2017-04-03 09:10:05.037683+07	2017-04-03 09:10:05.037683+07
20	REV RUNNR 		Bangkok	2017-04-03 09:10:05.037683+07	2017-04-03 09:10:05.037683+07
21	LAPS 		Bangkok	2017-04-03 09:10:05.037683+07	2017-04-03 09:10:05.037683+07
22	Alpha 		Bangkok	2017-04-03 09:10:05.037683+07	2017-04-03 09:10:05.037683+07
23	Alpha 		Bangkok	2017-04-03 09:10:05.037683+07	2017-04-03 09:10:05.037683+07
24	24 Kilates Bangkok 		Bangkok	2017-04-03 09:10:05.037683+07	2017-04-03 09:10:05.037683+07
25	Run2paradise  paradise park		Bangkok	2017-04-03 09:10:05.037683+07	2017-04-03 09:10:05.037683+07
26	Monster run 		Bangkok	2017-04-03 09:10:05.037683+07	2017-04-03 09:10:05.037683+07
27	Sneakerz by Supersports 		Bangkok	2017-04-03 09:10:05.037683+07	2017-04-03 09:10:05.037683+07
28	REV RUNNR   2		Nakhon Ratchasima	2017-04-03 09:10:05.037683+07	2017-04-03 09:10:05.037683+07
29	Sports World  21 		Nakhon Ratchasima	2017-04-03 09:10:05.037683+07	2017-04-03 09:10:05.037683+07
30	Sports World 		Chumphon	2017-04-03 09:10:05.037683+07	2017-04-03 09:10:05.037683+07
31	Alpha 		Chiang Mai	2017-04-03 09:10:05.037683+07	2017-04-03 09:10:05.037683+07
32	Sneakerz by Supersports 		Chiang Mai	2017-04-03 09:10:05.037683+07	2017-04-03 09:10:05.037683+07
33	Sports World 		Chiang Mai	2017-04-03 09:10:05.037683+07	2017-04-03 09:10:05.037683+07
34	Sports World  		Buriram	2017-04-03 09:10:05.037683+07	2017-04-03 09:10:05.037683+07
35		Chonburi	Pattaya	2017-04-03 09:10:05.037683+07	2017-04-03 09:10:05.037683+07
36		Chonburi	Pattaya	2017-04-03 09:10:05.037683+07	2017-04-03 09:10:05.037683+07
37	Sports World 		Phuket	2017-04-03 09:10:05.037683+07	2017-04-03 09:10:05.037683+07
38	Faster Runner		Udon Thani	2017-04-03 09:10:05.037683+07	2017-04-03 09:10:05.037683+07
39	Sports World 		Udon Thani	2017-04-03 09:10:05.037683+07	2017-04-03 09:10:05.037683+07
\.


--
-- Name: stores_id_seq; Type: SEQUENCE SET; Schema: public; Owner: saucony_admin
--

SELECT pg_catalog.setval('stores_id_seq', 117, true);


--
-- Name: catalogs_pkey; Type: CONSTRAINT; Schema: public; Owner: saucony_admin
--

ALTER TABLE ONLY catalogs
    ADD CONSTRAINT catalogs_pkey PRIMARY KEY (id);


--
-- Name: customers_pkey; Type: CONSTRAINT; Schema: public; Owner: saucony_admin
--

ALTER TABLE ONLY customers
    ADD CONSTRAINT customers_pkey PRIMARY KEY (id);


--
-- Name: order_lines_pkey; Type: CONSTRAINT; Schema: public; Owner: saucony_admin
--

ALTER TABLE ONLY order_lines
    ADD CONSTRAINT order_lines_pkey PRIMARY KEY (id);


--
-- Name: orders_pkey; Type: CONSTRAINT; Schema: public; Owner: saucony_admin
--

ALTER TABLE ONLY orders
    ADD CONSTRAINT orders_pkey PRIMARY KEY (id);


--
-- Name: products_pkey; Type: CONSTRAINT; Schema: public; Owner: saucony_admin
--

ALTER TABLE ONLY products
    ADD CONSTRAINT products_pkey PRIMARY KEY (id);


--
-- Name: schema_migrations_pkey; Type: CONSTRAINT; Schema: public; Owner: saucony_admin
--

ALTER TABLE ONLY schema_migrations
    ADD CONSTRAINT schema_migrations_pkey PRIMARY KEY (version);


--
-- Name: stores_pkey; Type: CONSTRAINT; Schema: public; Owner: saucony_admin
--

ALTER TABLE ONLY stores
    ADD CONSTRAINT stores_pkey PRIMARY KEY (id);


--
-- Name: orders_customer_id_key; Type: INDEX; Schema: public; Owner: saucony_admin
--

CREATE UNIQUE INDEX orders_customer_id_key ON orders USING btree (customer_id);


--
-- Name: update_modtime; Type: TRIGGER; Schema: public; Owner: saucony_admin
--

CREATE TRIGGER update_modtime BEFORE UPDATE ON catalogs FOR EACH ROW EXECUTE PROCEDURE update_last_modified_at();


--
-- Name: update_modtime; Type: TRIGGER; Schema: public; Owner: saucony_admin
--

CREATE TRIGGER update_modtime BEFORE UPDATE ON products FOR EACH ROW EXECUTE PROCEDURE update_last_modified_at();


--
-- Name: update_modtime; Type: TRIGGER; Schema: public; Owner: saucony_admin
--

CREATE TRIGGER update_modtime BEFORE UPDATE ON customers FOR EACH ROW EXECUTE PROCEDURE update_last_modified_at();


--
-- Name: update_modtime; Type: TRIGGER; Schema: public; Owner: saucony_admin
--

CREATE TRIGGER update_modtime BEFORE UPDATE ON orders FOR EACH ROW EXECUTE PROCEDURE update_last_modified_at();


--
-- Name: update_modtime; Type: TRIGGER; Schema: public; Owner: saucony_admin
--

CREATE TRIGGER update_modtime BEFORE UPDATE ON order_lines FOR EACH ROW EXECUTE PROCEDURE update_last_modified_at();


--
-- Name: update_modtime; Type: TRIGGER; Schema: public; Owner: saucony_admin
--

CREATE TRIGGER update_modtime BEFORE UPDATE ON stores FOR EACH ROW EXECUTE PROCEDURE update_last_modified_at();


--
-- Name: orders_customer_id_fkey; Type: FK CONSTRAINT; Schema: public; Owner: saucony_admin
--

ALTER TABLE ONLY orders
    ADD CONSTRAINT orders_customer_id_fkey FOREIGN KEY (customer_id) REFERENCES customers(id);


--
-- Name: public; Type: ACL; Schema: -; Owner: saucony_admin
--

REVOKE ALL ON SCHEMA public FROM PUBLIC;
REVOKE ALL ON SCHEMA public FROM saucony_admin;
GRANT ALL ON SCHEMA public TO saucony_admin;
GRANT ALL ON SCHEMA public TO PUBLIC;


--
-- PostgreSQL database dump complete
--

